-- ----------------------------
-- Records of AdminInfo
-- ----------------------------
INSERT INTO `AdminInfo` VALUES ('2180001', 'admin1', '男', '1999-01-02','2180001');
INSERT INTO `AdminInfo` VALUES ('2180002', 'admin2', '女', '1999-01-03','2180002');
INSERT INTO `AdminInfo` VALUES ('2180003', 'admin3', '男', '1999-01-04','2180003');
INSERT INTO `AdminInfo` VALUES ('2180004', 'admin4', '女', '1999-01-05','2180004');
INSERT INTO `AdminInfo` VALUES ('2180005', 'admin5', '男', '1999-01-06','2180005');
INSERT INTO `AdminInfo` VALUES ('2180006', 'admin6', '女', '1999-01-07','2180006');
INSERT INTO `AdminInfo` VALUES ('2180007', 'admin7', '男', '1999-01-08','2180007');
INSERT INTO `AdminInfo` VALUES ('2180008', 'admin8', '女', '1999-01-09','2180008');
INSERT INTO `AdminInfo` VALUES ('2180009', 'admin9', '男', '1999-01-10','2180009');
INSERT INTO `AdminInfo` VALUES ('2180010', 'admin10', '女', '1999-01-11','2180010' );

-- ----------------------------
-- Records of CollegeInfo
-- ----------------------------
INSERT INTO `CollegeInfo` VALUES ('501', '电子与信息工程学院');
INSERT INTO `CollegeInfo` VALUES ('502', '人文学院');
INSERT INTO `CollegeInfo` VALUES ('503', '医学院');
INSERT INTO `CollegeInfo` VALUES ('504', '数学科学学院');

-- ----------------------------
-- Records of SpecialityInfo
-- ----------------------------
INSERT INTO `SpecialityInfo` VALUES ('60101', '计算机系','501');
INSERT INTO `SpecialityInfo` VALUES ('60102', '信息安全系','501');
INSERT INTO `SpecialityInfo` VALUES ('60201', '哲学系','502');
INSERT INTO `SpecialityInfo` VALUES ('60202', '心理学系','502');
INSERT INTO `SpecialityInfo` VALUES ('60301', '医学系','503');
INSERT INTO `SpecialityInfo` VALUES ('60302', '护理学系','503');
INSERT INTO `SpecialityInfo` VALUES ('60401', '统计学','504');
INSERT INTO `SpecialityInfo` VALUES ('60402', '应用数学','504');

-- ----------------------------
-- Records of StudentInfo
-- ----------------------------
INSERT INTO `StudentInfo` VALUES ('1180001', 'stu1', '男', '1999-01-02', '501', '60101', '1180001');
INSERT INTO `StudentInfo` VALUES ('1180002', 'stu2', '女', '1999-01-03', '501', '60101', '1180002');
INSERT INTO `StudentInfo` VALUES ('1180003', 'stu3', '男', '1999-01-04', '501', '60101', '1180003');
INSERT INTO `StudentInfo` VALUES ('1180004', 'stu4', '女', '1999-01-05', '501', '60101', '1180004');
INSERT INTO `StudentInfo` VALUES ('1180005', 'stu5', '男', '1999-01-06', '501', '60101', '1180005');
INSERT INTO `StudentInfo` VALUES ('1180006', 'stu6', '女', '1999-01-07', '501', '60101', '1180006');
INSERT INTO `StudentInfo` VALUES ('1180007', 'stu7', '男', '1999-01-08', '501', '60101', '1180007');
INSERT INTO `StudentInfo` VALUES ('1180008', 'stu8', '女', '1999-01-09', '501', '60101', '1180008');
INSERT INTO `StudentInfo` VALUES ('1180009', 'stu9', '男', '1999-01-10', '501', '60101', '1180009');
INSERT INTO `StudentInfo` VALUES ('1180010', 'stu10', '女', '1999-01-11', '501', '60101', '1180010');
INSERT INTO `StudentInfo` VALUES ('1180011', 'stu11', '男', '1999-01-12', '501', '60101', '1180011');
INSERT INTO `StudentInfo` VALUES ('1180012', 'stu12', '女', '1999-01-13', '501', '60101', '1180012');
INSERT INTO `StudentInfo` VALUES ('1180013', 'stu13', '男', '1999-01-14', '501', '60101', '1180013');
INSERT INTO `StudentInfo` VALUES ('1180014', 'stu14', '女', '1999-01-15', '501', '60101', '1180014');
INSERT INTO `StudentInfo` VALUES ('1180015', 'stu15', '男', '1999-01-16', '501', '60101', '1180015');
INSERT INTO `StudentInfo` VALUES ('1180016', 'stu16', '女', '1999-01-17', '501', '60101', '1180016');
INSERT INTO `StudentInfo` VALUES ('1180017', 'stu17', '男', '1999-01-18', '501', '60101', '1180017');
INSERT INTO `StudentInfo` VALUES ('1180018', 'stu18', '女', '1999-01-19', '501', '60101', '1180018');
INSERT INTO `StudentInfo` VALUES ('1180019', 'stu19', '男', '1999-01-20', '501', '60101', '1180019');
INSERT INTO `StudentInfo` VALUES ('1180020', 'stu20', '女', '1999-01-21', '501', '60101', '1180020');
INSERT INTO `StudentInfo` VALUES ('1180021', 'stu21', '男', '1999-01-22', '501', '60101', '1180021');
INSERT INTO `StudentInfo` VALUES ('1180022', 'stu22', '女', '1999-01-23', '501', '60101', '1180022');
INSERT INTO `StudentInfo` VALUES ('1180023', 'stu23', '男', '1999-01-24', '501', '60101', '1180023');
INSERT INTO `StudentInfo` VALUES ('1180024', 'stu24', '女', '1999-01-25', '501', '60101', '1180024');
INSERT INTO `StudentInfo` VALUES ('1180025', 'stu25', '男', '1999-01-26', '501', '60101', '1180025');
INSERT INTO `StudentInfo` VALUES ('1180026', 'stu26', '女', '1999-01-27', '501', '60101', '1180026');
INSERT INTO `StudentInfo` VALUES ('1180027', 'stu27', '男', '1999-01-28', '501', '60101', '1180027');
INSERT INTO `StudentInfo` VALUES ('1180028', 'stu28', '女', '1999-01-29', '501', '60101', '1180028');
INSERT INTO `StudentInfo` VALUES ('1180029', 'stu29', '男', '1999-01-30', '501', '60101', '1180029');
INSERT INTO `StudentInfo` VALUES ('1180030', 'stu30', '女', '1999-01-31', '501', '60101', '1180030');
INSERT INTO `StudentInfo` VALUES ('1180031', 'stu31', '男', '1999-02-01', '501', '60102', '1180031');
INSERT INTO `StudentInfo` VALUES ('1180032', 'stu32', '女', '1999-02-02', '501', '60102', '1180032');
INSERT INTO `StudentInfo` VALUES ('1180033', 'stu33', '男', '1999-02-03', '501', '60102', '1180033');
INSERT INTO `StudentInfo` VALUES ('1180034', 'stu34', '女', '1999-02-04', '501', '60102', '1180034');
INSERT INTO `StudentInfo` VALUES ('1180035', 'stu35', '男', '1999-02-05', '501', '60102', '1180035');
INSERT INTO `StudentInfo` VALUES ('1180036', 'stu36', '女', '1999-02-06', '501', '60102', '1180036');
INSERT INTO `StudentInfo` VALUES ('1180037', 'stu37', '男', '1999-02-07', '501', '60102', '1180037');
INSERT INTO `StudentInfo` VALUES ('1180038', 'stu38', '女', '1999-02-08', '501', '60102', '1180038');
INSERT INTO `StudentInfo` VALUES ('1180039', 'stu39', '男', '1999-02-09', '501', '60102', '1180039');
INSERT INTO `StudentInfo` VALUES ('1180040', 'stu40', '女', '1999-02-10', '501', '60102', '1180040');
INSERT INTO `StudentInfo` VALUES ('1180041', 'stu41', '男', '1999-02-11', '501', '60102', '1180041');
INSERT INTO `StudentInfo` VALUES ('1180042', 'stu42', '女', '1999-02-12', '501', '60102', '1180042');
INSERT INTO `StudentInfo` VALUES ('1180043', 'stu43', '男', '1999-02-13', '501', '60102', '1180043');
INSERT INTO `StudentInfo` VALUES ('1180044', 'stu44', '女', '1999-02-14', '501', '60102', '1180044');
INSERT INTO `StudentInfo` VALUES ('1180045', 'stu45', '男', '1999-02-15', '501', '60102', '1180045');
INSERT INTO `StudentInfo` VALUES ('1180046', 'stu46', '女', '1999-02-16', '501', '60102', '1180046');
INSERT INTO `StudentInfo` VALUES ('1180047', 'stu47', '男', '1999-02-17', '501', '60102', '1180047');
INSERT INTO `StudentInfo` VALUES ('1180048', 'stu48', '女', '1999-02-18', '501', '60102', '1180048');
INSERT INTO `StudentInfo` VALUES ('1180049', 'stu49', '男', '1999-02-19', '501', '60102', '1180049');
INSERT INTO `StudentInfo` VALUES ('1180050', 'stu50', '女', '1999-02-20', '501', '60102', '1180050');
INSERT INTO `StudentInfo` VALUES ('1180051', 'stu51', '男', '1999-02-21', '501', '60102', '1180051');
INSERT INTO `StudentInfo` VALUES ('1180052', 'stu52', '女', '1999-02-22', '501', '60102', '1180052');
INSERT INTO `StudentInfo` VALUES ('1180053', 'stu53', '男', '1999-02-23', '501', '60102', '1180053');
INSERT INTO `StudentInfo` VALUES ('1180054', 'stu54', '女', '1999-02-24', '501', '60102', '1180054');
INSERT INTO `StudentInfo` VALUES ('1180055', 'stu55', '男', '1999-02-25', '501', '60102', '1180055');
INSERT INTO `StudentInfo` VALUES ('1180056', 'stu56', '女', '1999-02-26', '501', '60102', '1180056');
INSERT INTO `StudentInfo` VALUES ('1180057', 'stu57', '男', '1999-02-27', '501', '60102', '1180057');
INSERT INTO `StudentInfo` VALUES ('1180058', 'stu58', '女', '1999-02-28', '501', '60102', '1180058');
INSERT INTO `StudentInfo` VALUES ('1180059', 'stu59', '男', '1999-03-01', '501', '60102', '1180059');
INSERT INTO `StudentInfo` VALUES ('1180060', 'stu60', '女', '1999-03-02', '501', '60102', '1180060');
INSERT INTO `StudentInfo` VALUES ('1180061', 'stu61', '男', '1999-03-03', '502', '60201', '1180061');
INSERT INTO `StudentInfo` VALUES ('1180062', 'stu62', '女', '1999-03-04', '502', '60201', '1180062');
INSERT INTO `StudentInfo` VALUES ('1180063', 'stu63', '男', '1999-03-05', '502', '60201', '1180063');
INSERT INTO `StudentInfo` VALUES ('1180064', 'stu64', '女', '1999-03-06', '502', '60201', '1180064');
INSERT INTO `StudentInfo` VALUES ('1180065', 'stu65', '男', '1999-03-07', '502', '60201', '1180065');
INSERT INTO `StudentInfo` VALUES ('1180066', 'stu66', '女', '1999-03-08', '502', '60201', '1180066');
INSERT INTO `StudentInfo` VALUES ('1180067', 'stu67', '男', '1999-03-09', '502', '60201', '1180067');
INSERT INTO `StudentInfo` VALUES ('1180068', 'stu68', '女', '1999-03-10', '502', '60201', '1180068');
INSERT INTO `StudentInfo` VALUES ('1180069', 'stu69', '男', '1999-03-11', '502', '60201', '1180069');
INSERT INTO `StudentInfo` VALUES ('1180070', 'stu70', '女', '1999-03-12', '502', '60201', '1180070');
INSERT INTO `StudentInfo` VALUES ('1180071', 'stu71', '男', '1999-03-13', '502', '60201', '1180071');
INSERT INTO `StudentInfo` VALUES ('1180072', 'stu72', '女', '1999-03-14', '502', '60201', '1180072');
INSERT INTO `StudentInfo` VALUES ('1180073', 'stu73', '男', '1999-03-15', '502', '60201', '1180073');
INSERT INTO `StudentInfo` VALUES ('1180074', 'stu74', '女', '1999-03-16', '502', '60201', '1180074');
INSERT INTO `StudentInfo` VALUES ('1180075', 'stu75', '男', '1999-03-17', '502', '60201', '1180075');
INSERT INTO `StudentInfo` VALUES ('1180076', 'stu76', '女', '1999-03-18', '502', '60201', '1180076');
INSERT INTO `StudentInfo` VALUES ('1180077', 'stu77', '男', '1999-03-19', '502', '60201', '1180077');
INSERT INTO `StudentInfo` VALUES ('1180078', 'stu78', '女', '1999-03-20', '502', '60201', '1180078');
INSERT INTO `StudentInfo` VALUES ('1180079', 'stu79', '男', '1999-03-21', '502', '60201', '1180079');
INSERT INTO `StudentInfo` VALUES ('1180080', 'stu80', '女', '1999-03-22', '502', '60201', '1180080');
INSERT INTO `StudentInfo` VALUES ('1180081', 'stu81', '男', '1999-03-23', '502', '60201', '1180081');
INSERT INTO `StudentInfo` VALUES ('1180082', 'stu82', '女', '1999-03-24', '502', '60201', '1180082');
INSERT INTO `StudentInfo` VALUES ('1180083', 'stu83', '男', '1999-03-25', '502', '60201', '1180083');
INSERT INTO `StudentInfo` VALUES ('1180084', 'stu84', '女', '1999-03-26', '502', '60201', '1180084');
INSERT INTO `StudentInfo` VALUES ('1180085', 'stu85', '男', '1999-03-27', '502', '60201', '1180085');
INSERT INTO `StudentInfo` VALUES ('1180086', 'stu86', '女', '1999-03-28', '502', '60201', '1180086');
INSERT INTO `StudentInfo` VALUES ('1180087', 'stu87', '男', '1999-03-29', '502', '60201', '1180087');
INSERT INTO `StudentInfo` VALUES ('1180088', 'stu88', '女', '1999-03-30', '502', '60201', '1180088');
INSERT INTO `StudentInfo` VALUES ('1180089', 'stu89', '男', '1999-03-31', '502', '60201', '1180089');
INSERT INTO `StudentInfo` VALUES ('1180090', 'stu90', '女', '1999-04-01', '502', '60201', '1180090');
INSERT INTO `StudentInfo` VALUES ('1180091', 'stu91', '男', '1999-04-02', '502', '60202', '1180091');
INSERT INTO `StudentInfo` VALUES ('1180092', 'stu92', '女', '1999-04-03', '502', '60202', '1180092');
INSERT INTO `StudentInfo` VALUES ('1180093', 'stu93', '男', '1999-04-04', '502', '60202', '1180093');
INSERT INTO `StudentInfo` VALUES ('1180094', 'stu94', '女', '1999-04-05', '502', '60202', '1180094');
INSERT INTO `StudentInfo` VALUES ('1180095', 'stu95', '男', '1999-04-06', '502', '60202', '1180095');
INSERT INTO `StudentInfo` VALUES ('1180096', 'stu96', '女', '1999-04-07', '502', '60202', '1180096');
INSERT INTO `StudentInfo` VALUES ('1180097', 'stu97', '男', '1999-04-08', '502', '60202', '1180097');
INSERT INTO `StudentInfo` VALUES ('1180098', 'stu98', '女', '1999-04-09', '502', '60202', '1180098');
INSERT INTO `StudentInfo` VALUES ('1180099', 'stu99', '男', '1999-04-10', '502', '60202', '1180099');
INSERT INTO `StudentInfo` VALUES ('1180100', 'stu100', '女', '1999-04-11', '502', '60202','1180100');
INSERT INTO `StudentInfo` VALUES ('1180101', 'stu101', '男', '1999-04-12', '502', '60202','1180101');
INSERT INTO `StudentInfo` VALUES ('1180102', 'stu102', '女', '1999-04-13', '502', '60202','1180102');
INSERT INTO `StudentInfo` VALUES ('1180103', 'stu103', '男', '1999-04-14', '502', '60202','1180103');
INSERT INTO `StudentInfo` VALUES ('1180104', 'stu104', '女', '1999-04-15', '502', '60202','1180104');
INSERT INTO `StudentInfo` VALUES ('1180105', 'stu105', '男', '1999-04-16', '502', '60202','1180105');
INSERT INTO `StudentInfo` VALUES ('1180106', 'stu106', '女', '1999-04-17', '502', '60202','1180106');
INSERT INTO `StudentInfo` VALUES ('1180107', 'stu107', '男', '1999-04-18', '502', '60202','1180107');
INSERT INTO `StudentInfo` VALUES ('1180108', 'stu108', '女', '1999-04-19', '502', '60202','1180108');
INSERT INTO `StudentInfo` VALUES ('1180109', 'stu109', '男', '1999-04-20', '502', '60202','1180109');
INSERT INTO `StudentInfo` VALUES ('1180110', 'stu110', '女', '1999-04-21', '502', '60202','1180110');
INSERT INTO `StudentInfo` VALUES ('1180111', 'stu111', '男', '1999-04-22', '502', '60202','1180111');
INSERT INTO `StudentInfo` VALUES ('1180112', 'stu112', '女', '1999-04-23', '502', '60202','1180112');
INSERT INTO `StudentInfo` VALUES ('1180113', 'stu113', '男', '1999-04-24', '502', '60202','1180113');
INSERT INTO `StudentInfo` VALUES ('1180114', 'stu114', '女', '1999-04-25', '502', '60202','1180114');
INSERT INTO `StudentInfo` VALUES ('1180115', 'stu115', '男', '1999-04-26', '502', '60202','1180115');
INSERT INTO `StudentInfo` VALUES ('1180116', 'stu116', '女', '1999-04-27', '502', '60202','1180116');
INSERT INTO `StudentInfo` VALUES ('1180117', 'stu117', '男', '1999-04-28', '502', '60202','1180117');
INSERT INTO `StudentInfo` VALUES ('1180118', 'stu118', '女', '1999-04-29', '502', '60202','1180118');
INSERT INTO `StudentInfo` VALUES ('1180119', 'stu119', '男', '1999-04-30', '502', '60202','1180119');
INSERT INTO `StudentInfo` VALUES ('1180120', 'stu120', '女', '1999-05-01', '502', '60202','1180120');
INSERT INTO `StudentInfo` VALUES ('1180121', 'stu121', '男', '1999-05-02', '503', '60301','1180121');
INSERT INTO `StudentInfo` VALUES ('1180122', 'stu122', '女', '1999-05-03', '503', '60301','1180122');
INSERT INTO `StudentInfo` VALUES ('1180123', 'stu123', '男', '1999-05-04', '503', '60301','1180123');
INSERT INTO `StudentInfo` VALUES ('1180124', 'stu124', '女', '1999-05-05', '503', '60301','1180124');
INSERT INTO `StudentInfo` VALUES ('1180125', 'stu125', '男', '1999-05-06', '503', '60301','1180125');
INSERT INTO `StudentInfo` VALUES ('1180126', 'stu126', '女', '1999-05-07', '503', '60301','1180126');
INSERT INTO `StudentInfo` VALUES ('1180127', 'stu127', '男', '1999-05-08', '503', '60301','1180127');
INSERT INTO `StudentInfo` VALUES ('1180128', 'stu128', '女', '1999-05-09', '503', '60301','1180128');
INSERT INTO `StudentInfo` VALUES ('1180129', 'stu129', '男', '1999-05-10', '503', '60301','1180129');
INSERT INTO `StudentInfo` VALUES ('1180130', 'stu130', '女', '1999-05-11', '503', '60301','1180130');
INSERT INTO `StudentInfo` VALUES ('1180131', 'stu131', '男', '1999-05-12', '503', '60301','1180131');
INSERT INTO `StudentInfo` VALUES ('1180132', 'stu132', '女', '1999-05-13', '503', '60301','1180132');
INSERT INTO `StudentInfo` VALUES ('1180133', 'stu133', '男', '1999-05-14', '503', '60301','1180133');
INSERT INTO `StudentInfo` VALUES ('1180134', 'stu134', '女', '1999-05-15', '503', '60301','1180134');
INSERT INTO `StudentInfo` VALUES ('1180135', 'stu135', '男', '1999-05-16', '503', '60301','1180135');
INSERT INTO `StudentInfo` VALUES ('1180136', 'stu136', '女', '1999-05-17', '503', '60301','1180136');
INSERT INTO `StudentInfo` VALUES ('1180137', 'stu137', '男', '1999-05-18', '503', '60301','1180137');
INSERT INTO `StudentInfo` VALUES ('1180138', 'stu138', '女', '1999-05-19', '503', '60301','1180138');
INSERT INTO `StudentInfo` VALUES ('1180139', 'stu139', '男', '1999-05-20', '503', '60301','1180139');
INSERT INTO `StudentInfo` VALUES ('1180140', 'stu140', '女', '1999-05-21', '503', '60301','1180140');
INSERT INTO `StudentInfo` VALUES ('1180141', 'stu141', '男', '1999-05-22', '503', '60301','1180141');
INSERT INTO `StudentInfo` VALUES ('1180142', 'stu142', '女', '1999-05-23', '503', '60301','1180142');
INSERT INTO `StudentInfo` VALUES ('1180143', 'stu143', '男', '1999-05-24', '503', '60301','1180143');
INSERT INTO `StudentInfo` VALUES ('1180144', 'stu144', '女', '1999-05-25', '503', '60301','1180144');
INSERT INTO `StudentInfo` VALUES ('1180145', 'stu145', '男', '1999-05-26', '503', '60301','1180145');
INSERT INTO `StudentInfo` VALUES ('1180146', 'stu146', '女', '1999-05-27', '503', '60301','1180146');
INSERT INTO `StudentInfo` VALUES ('1180147', 'stu147', '男', '1999-05-28', '503', '60301','1180147');
INSERT INTO `StudentInfo` VALUES ('1180148', 'stu148', '女', '1999-05-29', '503', '60301','1180148');
INSERT INTO `StudentInfo` VALUES ('1180149', 'stu149', '男', '1999-05-30', '503', '60301','1180149');
INSERT INTO `StudentInfo` VALUES ('1180150', 'stu150', '女', '1999-05-31', '503', '60301','1180150');
INSERT INTO `StudentInfo` VALUES ('1180151', 'stu151', '男', '1999-06-01', '503', '60302','1180151');
INSERT INTO `StudentInfo` VALUES ('1180152', 'stu152', '女', '1999-06-02', '503', '60302','1180152');
INSERT INTO `StudentInfo` VALUES ('1180153', 'stu153', '男', '1999-06-03', '503', '60302','1180153');
INSERT INTO `StudentInfo` VALUES ('1180154', 'stu154', '女', '1999-06-04', '503', '60302','1180154');
INSERT INTO `StudentInfo` VALUES ('1180155', 'stu155', '男', '1999-06-05', '503', '60302','1180155');
INSERT INTO `StudentInfo` VALUES ('1180156', 'stu156', '女', '1999-06-06', '503', '60302','1180156');
INSERT INTO `StudentInfo` VALUES ('1180157', 'stu157', '男', '1999-06-07', '503', '60302','1180157');
INSERT INTO `StudentInfo` VALUES ('1180158', 'stu158', '女', '1999-06-08', '503', '60302','1180158');
INSERT INTO `StudentInfo` VALUES ('1180159', 'stu159', '男', '1999-06-09', '503', '60302','1180159');
INSERT INTO `StudentInfo` VALUES ('1180160', 'stu160', '女', '1999-06-10', '503', '60302','1180160');
INSERT INTO `StudentInfo` VALUES ('1180161', 'stu161', '男', '1999-06-11', '503', '60302','1180161');
INSERT INTO `StudentInfo` VALUES ('1180162', 'stu162', '女', '1999-06-12', '503', '60302','1180162');
INSERT INTO `StudentInfo` VALUES ('1180163', 'stu163', '男', '1999-06-13', '503', '60302','1180163');
INSERT INTO `StudentInfo` VALUES ('1180164', 'stu164', '女', '1999-06-14', '503', '60302','1180164');
INSERT INTO `StudentInfo` VALUES ('1180165', 'stu165', '男', '1999-06-15', '503', '60302','1180165');
INSERT INTO `StudentInfo` VALUES ('1180166', 'stu166', '女', '1999-06-16', '503', '60302','1180166');
INSERT INTO `StudentInfo` VALUES ('1180167', 'stu167', '男', '1999-06-17', '503', '60302','1180167');
INSERT INTO `StudentInfo` VALUES ('1180168', 'stu168', '女', '1999-06-18', '503', '60302','1180168');
INSERT INTO `StudentInfo` VALUES ('1180169', 'stu169', '男', '1999-06-19', '503', '60302','1180169');
INSERT INTO `StudentInfo` VALUES ('1180170', 'stu170', '女', '1999-06-20', '503', '60302','1180170');
INSERT INTO `StudentInfo` VALUES ('1180171', 'stu171', '男', '1999-06-21', '503', '60302','1180171');
INSERT INTO `StudentInfo` VALUES ('1180172', 'stu172', '女', '1999-06-22', '503', '60302','1180172');
INSERT INTO `StudentInfo` VALUES ('1180173', 'stu173', '男', '1999-06-23', '503', '60302','1180173');
INSERT INTO `StudentInfo` VALUES ('1180174', 'stu174', '女', '1999-06-24', '503', '60302','1180174');
INSERT INTO `StudentInfo` VALUES ('1180175', 'stu175', '男', '1999-06-25', '503', '60302','1180175');
INSERT INTO `StudentInfo` VALUES ('1180176', 'stu176', '女', '1999-06-26', '503', '60302','1180176');
INSERT INTO `StudentInfo` VALUES ('1180177', 'stu177', '男', '1999-06-27', '503', '60302','1180177');
INSERT INTO `StudentInfo` VALUES ('1180178', 'stu178', '女', '1999-06-28', '503', '60302','1180178');
INSERT INTO `StudentInfo` VALUES ('1180179', 'stu179', '男', '1999-06-29', '503', '60302','1180179');
INSERT INTO `StudentInfo` VALUES ('1180180', 'stu180', '女', '1999-06-30', '503', '60302','1180180');
INSERT INTO `StudentInfo` VALUES ('1180181', 'stu181', '男', '1999-07-01', '504', '60401','1180181');
INSERT INTO `StudentInfo` VALUES ('1180182', 'stu182', '女', '1999-07-02', '504', '60401','1180182');
INSERT INTO `StudentInfo` VALUES ('1180183', 'stu183', '男', '1999-07-03', '504', '60401','1180183');
INSERT INTO `StudentInfo` VALUES ('1180184', 'stu184', '女', '1999-07-04', '504', '60401','1180184');
INSERT INTO `StudentInfo` VALUES ('1180185', 'stu185', '男', '1999-07-05', '504', '60401','1180185');
INSERT INTO `StudentInfo` VALUES ('1180186', 'stu186', '女', '1999-07-06', '504', '60401','1180186');
INSERT INTO `StudentInfo` VALUES ('1180187', 'stu187', '男', '1999-07-07', '504', '60401','1180187');
INSERT INTO `StudentInfo` VALUES ('1180188', 'stu188', '女', '1999-07-08', '504', '60401','1180188');
INSERT INTO `StudentInfo` VALUES ('1180189', 'stu189', '男', '1999-07-09', '504', '60401','1180189');
INSERT INTO `StudentInfo` VALUES ('1180190', 'stu190', '女', '1999-07-10', '504', '60401','1180190');
INSERT INTO `StudentInfo` VALUES ('1180191', 'stu191', '男', '1999-07-11', '504', '60401','1180191');
INSERT INTO `StudentInfo` VALUES ('1180192', 'stu192', '女', '1999-07-12', '504', '60401','1180192');
INSERT INTO `StudentInfo` VALUES ('1180193', 'stu193', '男', '1999-07-13', '504', '60401','1180193');
INSERT INTO `StudentInfo` VALUES ('1180194', 'stu194', '女', '1999-07-14', '504', '60401','1180194');
INSERT INTO `StudentInfo` VALUES ('1180195', 'stu195', '男', '1999-07-15', '504', '60401','1180195');
INSERT INTO `StudentInfo` VALUES ('1180196', 'stu196', '女', '1999-07-16', '504', '60401','1180196');
INSERT INTO `StudentInfo` VALUES ('1180197', 'stu197', '男', '1999-07-17', '504', '60401','1180197');
INSERT INTO `StudentInfo` VALUES ('1180198', 'stu198', '女', '1999-07-18', '504', '60401','1180198');
INSERT INTO `StudentInfo` VALUES ('1180199', 'stu199', '男', '1999-07-19', '504', '60401','1180199');
INSERT INTO `StudentInfo` VALUES ('1180200', 'stu200', '女', '1999-07-20', '504', '60401','1180200');
INSERT INTO `StudentInfo` VALUES ('1180201', 'stu201', '男', '1999-07-21', '504', '60401','1180201');
INSERT INTO `StudentInfo` VALUES ('1180202', 'stu202', '女', '1999-07-22', '504', '60401','1180202');
INSERT INTO `StudentInfo` VALUES ('1180203', 'stu203', '男', '1999-07-23', '504', '60401','1180203');
INSERT INTO `StudentInfo` VALUES ('1180204', 'stu204', '女', '1999-07-24', '504', '60401','1180204');
INSERT INTO `StudentInfo` VALUES ('1180205', 'stu205', '男', '1999-07-25', '504', '60401','1180205');
INSERT INTO `StudentInfo` VALUES ('1180206', 'stu206', '女', '1999-07-26', '504', '60401','1180206');
INSERT INTO `StudentInfo` VALUES ('1180207', 'stu207', '男', '1999-07-27', '504', '60401','1180207');
INSERT INTO `StudentInfo` VALUES ('1180208', 'stu208', '女', '1999-07-28', '504', '60401','1180208');
INSERT INTO `StudentInfo` VALUES ('1180209', 'stu209', '男', '1999-07-29', '504', '60401','1180209');
INSERT INTO `StudentInfo` VALUES ('1180210', 'stu210', '女', '1999-07-30', '504', '60401','1180210');
INSERT INTO `StudentInfo` VALUES ('1180211', 'stu211', '男', '1999-07-31', '504', '60402','1180211');
INSERT INTO `StudentInfo` VALUES ('1180212', 'stu212', '女', '1999-08-01', '504', '60402','1180212');
INSERT INTO `StudentInfo` VALUES ('1180213', 'stu213', '男', '1999-08-02', '504', '60402','1180213');
INSERT INTO `StudentInfo` VALUES ('1180214', 'stu214', '女', '1999-08-03', '504', '60402','1180214');
INSERT INTO `StudentInfo` VALUES ('1180215', 'stu215', '男', '1999-08-04', '504', '60402','1180215');
INSERT INTO `StudentInfo` VALUES ('1180216', 'stu216', '女', '1999-08-05', '504', '60402','1180216');
INSERT INTO `StudentInfo` VALUES ('1180217', 'stu217', '男', '1999-08-06', '504', '60402','1180217');
INSERT INTO `StudentInfo` VALUES ('1180218', 'stu218', '女', '1999-08-07', '504', '60402','1180218');
INSERT INTO `StudentInfo` VALUES ('1180219', 'stu219', '男', '1999-08-08', '504', '60402','1180219');
INSERT INTO `StudentInfo` VALUES ('1180220', 'stu220', '女', '1999-08-09', '504', '60402','1180220');
INSERT INTO `StudentInfo` VALUES ('1180221', 'stu221', '男', '1999-08-10', '504', '60402','1180221');
INSERT INTO `StudentInfo` VALUES ('1180222', 'stu222', '女', '1999-08-11', '504', '60402','1180222');
INSERT INTO `StudentInfo` VALUES ('1180223', 'stu223', '男', '1999-08-12', '504', '60402','1180223');
INSERT INTO `StudentInfo` VALUES ('1180224', 'stu224', '女', '1999-08-13', '504', '60402','1180224');
INSERT INTO `StudentInfo` VALUES ('1180225', 'stu225', '男', '1999-08-14', '504', '60402','1180225');
INSERT INTO `StudentInfo` VALUES ('1180226', 'stu226', '女', '1999-08-15', '504', '60402','1180226');
INSERT INTO `StudentInfo` VALUES ('1180227', 'stu227', '男', '1999-08-16', '504', '60402','1180227');
INSERT INTO `StudentInfo` VALUES ('1180228', 'stu228', '女', '1999-08-17', '504', '60402','1180228');
INSERT INTO `StudentInfo` VALUES ('1180229', 'stu229', '男', '1999-08-18', '504', '60402','1180229');
INSERT INTO `StudentInfo` VALUES ('1180230', 'stu230', '女', '1999-08-19', '504', '60402','1180230');
INSERT INTO `StudentInfo` VALUES ('1180231', 'stu231', '男', '1999-08-20', '504', '60402','1180231');
INSERT INTO `StudentInfo` VALUES ('1180232', 'stu232', '女', '1999-08-21', '504', '60402','1180232');
INSERT INTO `StudentInfo` VALUES ('1180233', 'stu233', '男', '1999-08-22', '504', '60402','1180233');
INSERT INTO `StudentInfo` VALUES ('1180234', 'stu234', '女', '1999-08-23', '504', '60402','1180234');
INSERT INTO `StudentInfo` VALUES ('1180235', 'stu235', '男', '1999-08-24', '504', '60402','1180235');
INSERT INTO `StudentInfo` VALUES ('1180236', 'stu236', '女', '1999-08-25', '504', '60402','1180236');
INSERT INTO `StudentInfo` VALUES ('1180237', 'stu237', '男', '1999-08-26', '504', '60402','1180237');
INSERT INTO `StudentInfo` VALUES ('1180238', 'stu238', '女', '1999-08-27', '504', '60402','1180238');
INSERT INTO `StudentInfo` VALUES ('1180239', 'stu239', '男', '1999-08-28', '504', '60402','1180239');
INSERT INTO `StudentInfo` VALUES ('1180240', 'stu240', '女', '1999-08-29', '504', '60402','1180240');

-- ----------------------------
-- Records of TeacherInfo
-- ----------------------------
INSERT INTO `TeacherInfo` VALUES ('3180001', 'tea1', '男', '1979-01-02', '501', '3180001');
INSERT INTO `TeacherInfo` VALUES ('3180002', 'tea2', '女', '1979-01-03', '501', '3180002');
INSERT INTO `TeacherInfo` VALUES ('3180003', 'tea3', '男', '1979-01-04', '501', '3180003');
INSERT INTO `TeacherInfo` VALUES ('3180004', 'tea4', '女', '1979-01-05', '501', '3180004');
INSERT INTO `TeacherInfo` VALUES ('3180005', 'tea5', '男', '1979-01-06', '502', '3180005');
INSERT INTO `TeacherInfo` VALUES ('3180006', 'tea6', '女', '1979-01-07', '502', '3180006');
INSERT INTO `TeacherInfo` VALUES ('3180007', 'tea7', '男', '1979-01-08', '502', '3180007');
INSERT INTO `TeacherInfo` VALUES ('3180008', 'tea8', '女', '1979-01-09', '502', '3180008');
INSERT INTO `TeacherInfo` VALUES ('3180009', 'tea9', '男', '1979-01-10', '503', '3180009');
INSERT INTO `TeacherInfo` VALUES ('3180010', 'tea10', '女', '1979-01-11', '503', '3180010');
INSERT INTO `TeacherInfo` VALUES ('3180011', 'tea11', '男', '1979-01-12', '503', '3180011');
INSERT INTO `TeacherInfo` VALUES ('3180012', 'tea12', '女', '1979-01-13', '503', '3180012');
INSERT INTO `TeacherInfo` VALUES ('3180013', 'tea13', '男', '1979-01-14', '504', '3180013');
INSERT INTO `TeacherInfo` VALUES ('3180014', 'tea14', '女', '1979-01-15', '504', '3180014');
INSERT INTO `TeacherInfo` VALUES ('3180015', 'tea15', '男', '1979-01-16', '504', '3180015');
INSERT INTO `TeacherInfo` VALUES ('3180016', 'tea16', '女', '1979-01-17', '504', '3180016');

-- ----------------------------
-- Records of StartCourseApplication
-- ----------------------------

-- ----------------------------
-- Records of ClassroomInfo
-- ----------------------------
INSERT INTO `ClassroomInfo` VALUES ('1001', 'position1001');
INSERT INTO `ClassroomInfo` VALUES ('1002', 'position1002');
INSERT INTO `ClassroomInfo` VALUES ('1003', 'position1003');
INSERT INTO `ClassroomInfo` VALUES ('1004', 'position1004');
INSERT INTO `ClassroomInfo` VALUES ('1005', 'position1005');
INSERT INTO `ClassroomInfo` VALUES ('1006', 'position1006');
INSERT INTO `ClassroomInfo` VALUES ('1007', 'position1007');
INSERT INTO `ClassroomInfo` VALUES ('1008', 'position1008');
INSERT INTO `ClassroomInfo` VALUES ('1009', 'position1009');
INSERT INTO `ClassroomInfo` VALUES ('1010', 'position1010');
INSERT INTO `ClassroomInfo` VALUES ('1011', 'position1011');
INSERT INTO `ClassroomInfo` VALUES ('1012', 'position1012');
INSERT INTO `ClassroomInfo` VALUES ('1013', 'position1013');
INSERT INTO `ClassroomInfo` VALUES ('1014', 'position1014');
INSERT INTO `ClassroomInfo` VALUES ('1015', 'position1015');
INSERT INTO `ClassroomInfo` VALUES ('1016', 'position1016');
INSERT INTO `ClassroomInfo` VALUES ('1017', 'position1017');
INSERT INTO `ClassroomInfo` VALUES ('1018', 'position1018');
INSERT INTO `ClassroomInfo` VALUES ('1019', 'position1019');
INSERT INTO `ClassroomInfo` VALUES ('1020', 'position1020');
INSERT INTO `ClassroomInfo` VALUES ('1021', 'position1021');
INSERT INTO `ClassroomInfo` VALUES ('1022', 'position1022');
INSERT INTO `ClassroomInfo` VALUES ('1023', 'position1023');
INSERT INTO `ClassroomInfo` VALUES ('1024', 'position1024');
INSERT INTO `ClassroomInfo` VALUES ('1025', 'position1025');
INSERT INTO `ClassroomInfo` VALUES ('1026', 'position1026');
INSERT INTO `ClassroomInfo` VALUES ('1027', 'position1027');
INSERT INTO `ClassroomInfo` VALUES ('1028', 'position1028');
INSERT INTO `ClassroomInfo` VALUES ('1029', 'position1029');
INSERT INTO `ClassroomInfo` VALUES ('1030', 'position1030');
INSERT INTO `ClassroomInfo` VALUES ('1031', 'position1031');
INSERT INTO `ClassroomInfo` VALUES ('1032', 'position1032');
INSERT INTO `ClassroomInfo` VALUES ('1033', 'position1033');
INSERT INTO `ClassroomInfo` VALUES ('1034', 'position1034');
INSERT INTO `ClassroomInfo` VALUES ('1035', 'position1035');
INSERT INTO `ClassroomInfo` VALUES ('1036', 'position1036');
INSERT INTO `ClassroomInfo` VALUES ('1037', 'position1037');
INSERT INTO `ClassroomInfo` VALUES ('1038', 'position1038');
INSERT INTO `ClassroomInfo` VALUES ('1039', 'position1039');
INSERT INTO `ClassroomInfo` VALUES ('1040', 'position1040');
INSERT INTO `ClassroomInfo` VALUES ('1041', 'position1041');
INSERT INTO `ClassroomInfo` VALUES ('1042', 'position1042');
INSERT INTO `ClassroomInfo` VALUES ('1043', 'position1043');
INSERT INTO `ClassroomInfo` VALUES ('1044', 'position1044');
INSERT INTO `ClassroomInfo` VALUES ('1045', 'position1045');
INSERT INTO `ClassroomInfo` VALUES ('1046', 'position1046');
INSERT INTO `ClassroomInfo` VALUES ('1047', 'position1047');
INSERT INTO `ClassroomInfo` VALUES ('1048', 'position1048');
INSERT INTO `ClassroomInfo` VALUES ('1049', 'position1049');
INSERT INTO `ClassroomInfo` VALUES ('1050', 'position1050');
INSERT INTO `ClassroomInfo` VALUES ('1051', 'position1051');
INSERT INTO `ClassroomInfo` VALUES ('1052', 'position1052');
INSERT INTO `ClassroomInfo` VALUES ('1053', 'position1053');
INSERT INTO `ClassroomInfo` VALUES ('1054', 'position1054');
INSERT INTO `ClassroomInfo` VALUES ('1055', 'position1055');
INSERT INTO `ClassroomInfo` VALUES ('1056', 'position1056');
INSERT INTO `ClassroomInfo` VALUES ('1057', 'position1057');
INSERT INTO `ClassroomInfo` VALUES ('1058', 'position1058');
INSERT INTO `ClassroomInfo` VALUES ('1059', 'position1059');
INSERT INTO `ClassroomInfo` VALUES ('1060', 'position1060');
INSERT INTO `ClassroomInfo` VALUES ('1061', 'position1061');
INSERT INTO `ClassroomInfo` VALUES ('1062', 'position1062');
INSERT INTO `ClassroomInfo` VALUES ('1063', 'position1063');
INSERT INTO `ClassroomInfo` VALUES ('1064', 'position1064');
INSERT INTO `ClassroomInfo` VALUES ('1065', 'position1065');
INSERT INTO `ClassroomInfo` VALUES ('1066', 'position1066');
INSERT INTO `ClassroomInfo` VALUES ('1067', 'position1067');
INSERT INTO `ClassroomInfo` VALUES ('1068', 'position1068');
INSERT INTO `ClassroomInfo` VALUES ('1069', 'position1069');
INSERT INTO `ClassroomInfo` VALUES ('1070', 'position1070');
INSERT INTO `ClassroomInfo` VALUES ('1071', 'position1071');
INSERT INTO `ClassroomInfo` VALUES ('1072', 'position1072');
INSERT INTO `ClassroomInfo` VALUES ('1073', 'position1073');
INSERT INTO `ClassroomInfo` VALUES ('1074', 'position1074');
INSERT INTO `ClassroomInfo` VALUES ('1075', 'position1075');
INSERT INTO `ClassroomInfo` VALUES ('1076', 'position1076');
INSERT INTO `ClassroomInfo` VALUES ('1077', 'position1077');
INSERT INTO `ClassroomInfo` VALUES ('1078', 'position1078');
INSERT INTO `ClassroomInfo` VALUES ('1079', 'position1079');
INSERT INTO `ClassroomInfo` VALUES ('1080', 'position1080');
INSERT INTO `ClassroomInfo` VALUES ('1081', 'position1081');
INSERT INTO `ClassroomInfo` VALUES ('1082', 'position1082');
INSERT INTO `ClassroomInfo` VALUES ('1083', 'position1083');
INSERT INTO `ClassroomInfo` VALUES ('1084', 'position1084');
INSERT INTO `ClassroomInfo` VALUES ('1085', 'position1085');
INSERT INTO `ClassroomInfo` VALUES ('1086', 'position1086');
INSERT INTO `ClassroomInfo` VALUES ('1087', 'position1087');
INSERT INTO `ClassroomInfo` VALUES ('1088', 'position1088');
INSERT INTO `ClassroomInfo` VALUES ('1089', 'position1089');
INSERT INTO `ClassroomInfo` VALUES ('1090', 'position1090');
INSERT INTO `ClassroomInfo` VALUES ('1091', 'position1091');
INSERT INTO `ClassroomInfo` VALUES ('1092', 'position1092');
INSERT INTO `ClassroomInfo` VALUES ('1093', 'position1093');
INSERT INTO `ClassroomInfo` VALUES ('1094', 'position1094');
INSERT INTO `ClassroomInfo` VALUES ('1095', 'position1095');
INSERT INTO `ClassroomInfo` VALUES ('1096', 'position1096');
INSERT INTO `ClassroomInfo` VALUES ('1097', 'position1097');
INSERT INTO `ClassroomInfo` VALUES ('1098', 'position1098');
INSERT INTO `ClassroomInfo` VALUES ('1099', 'position1099');
INSERT INTO `ClassroomInfo` VALUES ('1100', 'position1100');

-- ----------------------------
-- Records of CourseInfo
-- ----------------------------
INSERT INTO `CourseInfo` VALUES ('418000001', '算法','3180001','1','1','2','1001');
INSERT INTO `CourseInfo` VALUES ('418000002', '数据结构','3180001','2','3','2','1002');
INSERT INTO `CourseInfo` VALUES ('418000003', '计算机组成原理','3180002','3','5','2','1003');
INSERT INTO `CourseInfo` VALUES ('418000004', '计算机系统结构','3180002','4','7','2','1004');
INSERT INTO `CourseInfo` VALUES ('418000005', '信息安全原理','3180003','5','9','2','1005');
INSERT INTO `CourseInfo` VALUES ('418000006', '信息安全数学基础','3180003','1','1','2','1006');
INSERT INTO `CourseInfo` VALUES ('418000007', '信息安全工程','3180004','2','3','2','1007');
INSERT INTO `CourseInfo` VALUES ('418000008', '信息安全实验','3180004','3','5','2','1008');
INSERT INTO `CourseInfo` VALUES ('418000009', '西方哲学史','3180005','4','7','2','1009');
INSERT INTO `CourseInfo` VALUES ('418000010', '马克思主义哲学','3180005','5','9','2','1010');
INSERT INTO `CourseInfo` VALUES ('418000011', '毛泽东思想概论','3180006','1','1','2','1011');
INSERT INTO `CourseInfo` VALUES ('418000012', '德国古典哲学','3180006','2','3','2','1012');
INSERT INTO `CourseInfo` VALUES ('418000013', '应用心理学','3180007','3','5','2','1013');
INSERT INTO `CourseInfo` VALUES ('418000014', '心理学导论','3180007','4','7','2','1014');
INSERT INTO `CourseInfo` VALUES ('418000015', '儿童心理学','3180008','5','9','2','1015');
INSERT INTO `CourseInfo` VALUES ('418000016', '发展心理学','3180008','1','1','2','1016');
INSERT INTO `CourseInfo` VALUES ('418000017', '生物化学','3180009','2','3','2','1017');
INSERT INTO `CourseInfo` VALUES ('418000018', '人体解刨学','3180009','3','5','2','1018');
INSERT INTO `CourseInfo` VALUES ('418000019', '生理学','3180010','4','7','2','1019');
INSERT INTO `CourseInfo` VALUES ('418000020', '医学统计学','3180010','5','9','2','1020');
INSERT INTO `CourseInfo` VALUES ('418000021', '药理学','3180011','1','1','2','1021');
INSERT INTO `CourseInfo` VALUES ('418000022', '护理学导论','3180011','2','3','2','1022');
INSERT INTO `CourseInfo` VALUES ('418000023', '护理心理学','3180012','3','5','2','1023');
INSERT INTO `CourseInfo` VALUES ('418000024', '康复学','3180012','4','7','2','1024');
INSERT INTO `CourseInfo` VALUES ('418000025', '概率统计','3180013','5','9','2','1025');
INSERT INTO `CourseInfo` VALUES ('418000026', '数学分析','3180013','1','1','2','1026');
INSERT INTO `CourseInfo` VALUES ('418000027', '数理经济学','3180014','2','3','2','1027');
INSERT INTO `CourseInfo` VALUES ('418000028', '数论','3180014','3','5','2','1028');
INSERT INTO `CourseInfo` VALUES ('418000029', '数学史','3180015','4','7','2','1029');
INSERT INTO `CourseInfo` VALUES ('418000030', '信息论','3180015','5','9','2','1030');
INSERT INTO `CourseInfo` VALUES ('418000031', '运筹学','3180016','1','1','2','1031');
INSERT INTO `CourseInfo` VALUES ('418000032', '数学实验','3180016','2','3','2','1032');

-- ----------------------------
-- Records of TeachCourseApplication
-- ----------------------------

-- ----------------------------
-- Records of SpecialityCurriculum
-- ----------------------------
INSERT INTO `SpecialityCurriculum` VALUES ('60101', '418000001');
INSERT INTO `SpecialityCurriculum` VALUES ('60101', '418000002');
INSERT INTO `SpecialityCurriculum` VALUES ('60101', '418000003');
INSERT INTO `SpecialityCurriculum` VALUES ('60101', '418000004');
INSERT INTO `SpecialityCurriculum` VALUES ('60102', '418000005');
INSERT INTO `SpecialityCurriculum` VALUES ('60102', '418000006');
INSERT INTO `SpecialityCurriculum` VALUES ('60102', '418000007');
INSERT INTO `SpecialityCurriculum` VALUES ('60102', '418000008');
INSERT INTO `SpecialityCurriculum` VALUES ('60201', '418000009');
INSERT INTO `SpecialityCurriculum` VALUES ('60201', '418000010');
INSERT INTO `SpecialityCurriculum` VALUES ('60201', '418000011');
INSERT INTO `SpecialityCurriculum` VALUES ('60201', '418000012');
INSERT INTO `SpecialityCurriculum` VALUES ('60202', '418000013');
INSERT INTO `SpecialityCurriculum` VALUES ('60202', '418000014');
INSERT INTO `SpecialityCurriculum` VALUES ('60202', '418000015');
INSERT INTO `SpecialityCurriculum` VALUES ('60202', '418000016');
INSERT INTO `SpecialityCurriculum` VALUES ('60301', '418000017');
INSERT INTO `SpecialityCurriculum` VALUES ('60301', '418000018');
INSERT INTO `SpecialityCurriculum` VALUES ('60301', '418000019');
INSERT INTO `SpecialityCurriculum` VALUES ('60301', '418000020');
INSERT INTO `SpecialityCurriculum` VALUES ('60302', '418000021');
INSERT INTO `SpecialityCurriculum` VALUES ('60302', '418000022');
INSERT INTO `SpecialityCurriculum` VALUES ('60302', '418000023');
INSERT INTO `SpecialityCurriculum` VALUES ('60302', '418000024');
INSERT INTO `SpecialityCurriculum` VALUES ('60401', '418000025');
INSERT INTO `SpecialityCurriculum` VALUES ('60401', '418000026');
INSERT INTO `SpecialityCurriculum` VALUES ('60401', '418000027');
INSERT INTO `SpecialityCurriculum` VALUES ('60401', '418000028');
INSERT INTO `SpecialityCurriculum` VALUES ('60402', '418000029');
INSERT INTO `SpecialityCurriculum` VALUES ('60402', '418000030');
INSERT INTO `SpecialityCurriculum` VALUES ('60402', '418000031');
INSERT INTO `SpecialityCurriculum` VALUES ('60402', '418000032');

-- ----------------------------
-- Records of StudentCurriculum
-- ----------------------------
INSERT INTO `StudentCurriculum` VALUES ('1180001', '418000001');
INSERT INTO `StudentCurriculum` VALUES ('1180001', '418000002');
INSERT INTO `StudentCurriculum` VALUES ('1180001', '418000003');
INSERT INTO `StudentCurriculum` VALUES ('1180001', '418000004');
INSERT INTO `StudentCurriculum` VALUES ('1180002', '418000001');
INSERT INTO `StudentCurriculum` VALUES ('1180002', '418000002');
INSERT INTO `StudentCurriculum` VALUES ('1180002', '418000003');
INSERT INTO `StudentCurriculum` VALUES ('1180002', '418000004');
INSERT INTO `StudentCurriculum` VALUES ('1180003', '418000001');
INSERT INTO `StudentCurriculum` VALUES ('1180003', '418000002');
INSERT INTO `StudentCurriculum` VALUES ('1180003', '418000003');
INSERT INTO `StudentCurriculum` VALUES ('1180003', '418000004');
INSERT INTO `StudentCurriculum` VALUES ('1180004', '418000001');
INSERT INTO `StudentCurriculum` VALUES ('1180004', '418000002');
INSERT INTO `StudentCurriculum` VALUES ('1180004', '418000003');
INSERT INTO `StudentCurriculum` VALUES ('1180004', '418000004');
INSERT INTO `StudentCurriculum` VALUES ('1180005', '418000001');
INSERT INTO `StudentCurriculum` VALUES ('1180005', '418000002');
INSERT INTO `StudentCurriculum` VALUES ('1180005', '418000003');
INSERT INTO `StudentCurriculum` VALUES ('1180005', '418000004');
INSERT INTO `StudentCurriculum` VALUES ('1180006', '418000001');
INSERT INTO `StudentCurriculum` VALUES ('1180006', '418000002');
INSERT INTO `StudentCurriculum` VALUES ('1180006', '418000003');
INSERT INTO `StudentCurriculum` VALUES ('1180006', '418000004');
INSERT INTO `StudentCurriculum` VALUES ('1180007', '418000001');
INSERT INTO `StudentCurriculum` VALUES ('1180007', '418000002');
INSERT INTO `StudentCurriculum` VALUES ('1180007', '418000003');
INSERT INTO `StudentCurriculum` VALUES ('1180007', '418000004');
INSERT INTO `StudentCurriculum` VALUES ('1180008', '418000001');
INSERT INTO `StudentCurriculum` VALUES ('1180008', '418000002');
INSERT INTO `StudentCurriculum` VALUES ('1180008', '418000003');
INSERT INTO `StudentCurriculum` VALUES ('1180008', '418000004');
INSERT INTO `StudentCurriculum` VALUES ('1180009', '418000001');
INSERT INTO `StudentCurriculum` VALUES ('1180009', '418000002');
INSERT INTO `StudentCurriculum` VALUES ('1180009', '418000003');
INSERT INTO `StudentCurriculum` VALUES ('1180009', '418000004');
INSERT INTO `StudentCurriculum` VALUES ('1180010', '418000001');
INSERT INTO `StudentCurriculum` VALUES ('1180010', '418000002');
INSERT INTO `StudentCurriculum` VALUES ('1180010', '418000003');
INSERT INTO `StudentCurriculum` VALUES ('1180010', '418000004');
INSERT INTO `StudentCurriculum` VALUES ('1180011', '418000001');
INSERT INTO `StudentCurriculum` VALUES ('1180011', '418000002');
INSERT INTO `StudentCurriculum` VALUES ('1180011', '418000003');
INSERT INTO `StudentCurriculum` VALUES ('1180011', '418000004');
INSERT INTO `StudentCurriculum` VALUES ('1180012', '418000001');
INSERT INTO `StudentCurriculum` VALUES ('1180012', '418000002');
INSERT INTO `StudentCurriculum` VALUES ('1180012', '418000003');
INSERT INTO `StudentCurriculum` VALUES ('1180012', '418000004');
INSERT INTO `StudentCurriculum` VALUES ('1180013', '418000001');
INSERT INTO `StudentCurriculum` VALUES ('1180013', '418000002');
INSERT INTO `StudentCurriculum` VALUES ('1180013', '418000003');
INSERT INTO `StudentCurriculum` VALUES ('1180013', '418000004');
INSERT INTO `StudentCurriculum` VALUES ('1180014', '418000001');
INSERT INTO `StudentCurriculum` VALUES ('1180014', '418000002');
INSERT INTO `StudentCurriculum` VALUES ('1180014', '418000003');
INSERT INTO `StudentCurriculum` VALUES ('1180014', '418000004');
INSERT INTO `StudentCurriculum` VALUES ('1180015', '418000001');
INSERT INTO `StudentCurriculum` VALUES ('1180015', '418000002');
INSERT INTO `StudentCurriculum` VALUES ('1180015', '418000003');
INSERT INTO `StudentCurriculum` VALUES ('1180015', '418000004');
INSERT INTO `StudentCurriculum` VALUES ('1180016', '418000001');
INSERT INTO `StudentCurriculum` VALUES ('1180016', '418000002');
INSERT INTO `StudentCurriculum` VALUES ('1180016', '418000003');
INSERT INTO `StudentCurriculum` VALUES ('1180016', '418000004');
INSERT INTO `StudentCurriculum` VALUES ('1180017', '418000001');
INSERT INTO `StudentCurriculum` VALUES ('1180017', '418000002');
INSERT INTO `StudentCurriculum` VALUES ('1180017', '418000003');
INSERT INTO `StudentCurriculum` VALUES ('1180017', '418000004');
INSERT INTO `StudentCurriculum` VALUES ('1180018', '418000001');
INSERT INTO `StudentCurriculum` VALUES ('1180018', '418000002');
INSERT INTO `StudentCurriculum` VALUES ('1180018', '418000003');
INSERT INTO `StudentCurriculum` VALUES ('1180018', '418000004');
INSERT INTO `StudentCurriculum` VALUES ('1180019', '418000001');
INSERT INTO `StudentCurriculum` VALUES ('1180019', '418000002');
INSERT INTO `StudentCurriculum` VALUES ('1180019', '418000003');
INSERT INTO `StudentCurriculum` VALUES ('1180019', '418000004');
INSERT INTO `StudentCurriculum` VALUES ('1180020', '418000001');
INSERT INTO `StudentCurriculum` VALUES ('1180020', '418000002');
INSERT INTO `StudentCurriculum` VALUES ('1180020', '418000003');
INSERT INTO `StudentCurriculum` VALUES ('1180020', '418000004');
INSERT INTO `StudentCurriculum` VALUES ('1180021', '418000001');
INSERT INTO `StudentCurriculum` VALUES ('1180021', '418000002');
INSERT INTO `StudentCurriculum` VALUES ('1180021', '418000003');
INSERT INTO `StudentCurriculum` VALUES ('1180021', '418000004');
INSERT INTO `StudentCurriculum` VALUES ('1180022', '418000001');
INSERT INTO `StudentCurriculum` VALUES ('1180022', '418000002');
INSERT INTO `StudentCurriculum` VALUES ('1180022', '418000003');
INSERT INTO `StudentCurriculum` VALUES ('1180022', '418000004');
INSERT INTO `StudentCurriculum` VALUES ('1180023', '418000001');
INSERT INTO `StudentCurriculum` VALUES ('1180023', '418000002');
INSERT INTO `StudentCurriculum` VALUES ('1180023', '418000003');
INSERT INTO `StudentCurriculum` VALUES ('1180023', '418000004');
INSERT INTO `StudentCurriculum` VALUES ('1180024', '418000001');
INSERT INTO `StudentCurriculum` VALUES ('1180024', '418000002');
INSERT INTO `StudentCurriculum` VALUES ('1180024', '418000003');
INSERT INTO `StudentCurriculum` VALUES ('1180024', '418000004');
INSERT INTO `StudentCurriculum` VALUES ('1180025', '418000001');
INSERT INTO `StudentCurriculum` VALUES ('1180025', '418000002');
INSERT INTO `StudentCurriculum` VALUES ('1180025', '418000003');
INSERT INTO `StudentCurriculum` VALUES ('1180025', '418000004');
INSERT INTO `StudentCurriculum` VALUES ('1180026', '418000001');
INSERT INTO `StudentCurriculum` VALUES ('1180026', '418000002');
INSERT INTO `StudentCurriculum` VALUES ('1180026', '418000003');
INSERT INTO `StudentCurriculum` VALUES ('1180026', '418000004');
INSERT INTO `StudentCurriculum` VALUES ('1180027', '418000001');
INSERT INTO `StudentCurriculum` VALUES ('1180027', '418000002');
INSERT INTO `StudentCurriculum` VALUES ('1180027', '418000003');
INSERT INTO `StudentCurriculum` VALUES ('1180027', '418000004');
INSERT INTO `StudentCurriculum` VALUES ('1180028', '418000001');
INSERT INTO `StudentCurriculum` VALUES ('1180028', '418000002');
INSERT INTO `StudentCurriculum` VALUES ('1180028', '418000003');
INSERT INTO `StudentCurriculum` VALUES ('1180028', '418000004');
INSERT INTO `StudentCurriculum` VALUES ('1180029', '418000001');
INSERT INTO `StudentCurriculum` VALUES ('1180029', '418000002');
INSERT INTO `StudentCurriculum` VALUES ('1180029', '418000003');
INSERT INTO `StudentCurriculum` VALUES ('1180029', '418000004');
INSERT INTO `StudentCurriculum` VALUES ('1180030', '418000001');
INSERT INTO `StudentCurriculum` VALUES ('1180030', '418000002');
INSERT INTO `StudentCurriculum` VALUES ('1180030', '418000003');
INSERT INTO `StudentCurriculum` VALUES ('1180030', '418000004');
INSERT INTO `StudentCurriculum` VALUES ('1180031', '418000005');
INSERT INTO `StudentCurriculum` VALUES ('1180031', '418000006');
INSERT INTO `StudentCurriculum` VALUES ('1180031', '418000007');
INSERT INTO `StudentCurriculum` VALUES ('1180031', '418000008');
INSERT INTO `StudentCurriculum` VALUES ('1180032', '418000005');
INSERT INTO `StudentCurriculum` VALUES ('1180032', '418000006');
INSERT INTO `StudentCurriculum` VALUES ('1180032', '418000007');
INSERT INTO `StudentCurriculum` VALUES ('1180032', '418000008');
INSERT INTO `StudentCurriculum` VALUES ('1180033', '418000005');
INSERT INTO `StudentCurriculum` VALUES ('1180033', '418000006');
INSERT INTO `StudentCurriculum` VALUES ('1180033', '418000007');
INSERT INTO `StudentCurriculum` VALUES ('1180033', '418000008');
INSERT INTO `StudentCurriculum` VALUES ('1180034', '418000005');
INSERT INTO `StudentCurriculum` VALUES ('1180034', '418000006');
INSERT INTO `StudentCurriculum` VALUES ('1180034', '418000007');
INSERT INTO `StudentCurriculum` VALUES ('1180034', '418000008');
INSERT INTO `StudentCurriculum` VALUES ('1180035', '418000005');
INSERT INTO `StudentCurriculum` VALUES ('1180035', '418000006');
INSERT INTO `StudentCurriculum` VALUES ('1180035', '418000007');
INSERT INTO `StudentCurriculum` VALUES ('1180035', '418000008');
INSERT INTO `StudentCurriculum` VALUES ('1180036', '418000005');
INSERT INTO `StudentCurriculum` VALUES ('1180036', '418000006');
INSERT INTO `StudentCurriculum` VALUES ('1180036', '418000007');
INSERT INTO `StudentCurriculum` VALUES ('1180036', '418000008');
INSERT INTO `StudentCurriculum` VALUES ('1180037', '418000005');
INSERT INTO `StudentCurriculum` VALUES ('1180037', '418000006');
INSERT INTO `StudentCurriculum` VALUES ('1180037', '418000007');
INSERT INTO `StudentCurriculum` VALUES ('1180037', '418000008');
INSERT INTO `StudentCurriculum` VALUES ('1180038', '418000005');
INSERT INTO `StudentCurriculum` VALUES ('1180038', '418000006');
INSERT INTO `StudentCurriculum` VALUES ('1180038', '418000007');
INSERT INTO `StudentCurriculum` VALUES ('1180038', '418000008');
INSERT INTO `StudentCurriculum` VALUES ('1180039', '418000005');
INSERT INTO `StudentCurriculum` VALUES ('1180039', '418000006');
INSERT INTO `StudentCurriculum` VALUES ('1180039', '418000007');
INSERT INTO `StudentCurriculum` VALUES ('1180039', '418000008');
INSERT INTO `StudentCurriculum` VALUES ('1180040', '418000005');
INSERT INTO `StudentCurriculum` VALUES ('1180040', '418000006');
INSERT INTO `StudentCurriculum` VALUES ('1180040', '418000007');
INSERT INTO `StudentCurriculum` VALUES ('1180040', '418000008');
INSERT INTO `StudentCurriculum` VALUES ('1180041', '418000005');
INSERT INTO `StudentCurriculum` VALUES ('1180041', '418000006');
INSERT INTO `StudentCurriculum` VALUES ('1180041', '418000007');
INSERT INTO `StudentCurriculum` VALUES ('1180041', '418000008');
INSERT INTO `StudentCurriculum` VALUES ('1180042', '418000005');
INSERT INTO `StudentCurriculum` VALUES ('1180042', '418000006');
INSERT INTO `StudentCurriculum` VALUES ('1180042', '418000007');
INSERT INTO `StudentCurriculum` VALUES ('1180042', '418000008');
INSERT INTO `StudentCurriculum` VALUES ('1180043', '418000005');
INSERT INTO `StudentCurriculum` VALUES ('1180043', '418000006');
INSERT INTO `StudentCurriculum` VALUES ('1180043', '418000007');
INSERT INTO `StudentCurriculum` VALUES ('1180043', '418000008');
INSERT INTO `StudentCurriculum` VALUES ('1180044', '418000005');
INSERT INTO `StudentCurriculum` VALUES ('1180044', '418000006');
INSERT INTO `StudentCurriculum` VALUES ('1180044', '418000007');
INSERT INTO `StudentCurriculum` VALUES ('1180044', '418000008');
INSERT INTO `StudentCurriculum` VALUES ('1180045', '418000005');
INSERT INTO `StudentCurriculum` VALUES ('1180045', '418000006');
INSERT INTO `StudentCurriculum` VALUES ('1180045', '418000007');
INSERT INTO `StudentCurriculum` VALUES ('1180045', '418000008');
INSERT INTO `StudentCurriculum` VALUES ('1180046', '418000005');
INSERT INTO `StudentCurriculum` VALUES ('1180046', '418000006');
INSERT INTO `StudentCurriculum` VALUES ('1180046', '418000007');
INSERT INTO `StudentCurriculum` VALUES ('1180046', '418000008');
INSERT INTO `StudentCurriculum` VALUES ('1180047', '418000005');
INSERT INTO `StudentCurriculum` VALUES ('1180047', '418000006');
INSERT INTO `StudentCurriculum` VALUES ('1180047', '418000007');
INSERT INTO `StudentCurriculum` VALUES ('1180047', '418000008');
INSERT INTO `StudentCurriculum` VALUES ('1180048', '418000005');
INSERT INTO `StudentCurriculum` VALUES ('1180048', '418000006');
INSERT INTO `StudentCurriculum` VALUES ('1180048', '418000007');
INSERT INTO `StudentCurriculum` VALUES ('1180048', '418000008');
INSERT INTO `StudentCurriculum` VALUES ('1180049', '418000005');
INSERT INTO `StudentCurriculum` VALUES ('1180049', '418000006');
INSERT INTO `StudentCurriculum` VALUES ('1180049', '418000007');
INSERT INTO `StudentCurriculum` VALUES ('1180049', '418000008');
INSERT INTO `StudentCurriculum` VALUES ('1180050', '418000005');
INSERT INTO `StudentCurriculum` VALUES ('1180050', '418000006');
INSERT INTO `StudentCurriculum` VALUES ('1180050', '418000007');
INSERT INTO `StudentCurriculum` VALUES ('1180050', '418000008');
INSERT INTO `StudentCurriculum` VALUES ('1180051', '418000005');
INSERT INTO `StudentCurriculum` VALUES ('1180051', '418000006');
INSERT INTO `StudentCurriculum` VALUES ('1180051', '418000007');
INSERT INTO `StudentCurriculum` VALUES ('1180051', '418000008');
INSERT INTO `StudentCurriculum` VALUES ('1180052', '418000005');
INSERT INTO `StudentCurriculum` VALUES ('1180052', '418000006');
INSERT INTO `StudentCurriculum` VALUES ('1180052', '418000007');
INSERT INTO `StudentCurriculum` VALUES ('1180052', '418000008');
INSERT INTO `StudentCurriculum` VALUES ('1180053', '418000005');
INSERT INTO `StudentCurriculum` VALUES ('1180053', '418000006');
INSERT INTO `StudentCurriculum` VALUES ('1180053', '418000007');
INSERT INTO `StudentCurriculum` VALUES ('1180053', '418000008');
INSERT INTO `StudentCurriculum` VALUES ('1180054', '418000005');
INSERT INTO `StudentCurriculum` VALUES ('1180054', '418000006');
INSERT INTO `StudentCurriculum` VALUES ('1180054', '418000007');
INSERT INTO `StudentCurriculum` VALUES ('1180054', '418000008');
INSERT INTO `StudentCurriculum` VALUES ('1180055', '418000005');
INSERT INTO `StudentCurriculum` VALUES ('1180055', '418000006');
INSERT INTO `StudentCurriculum` VALUES ('1180055', '418000007');
INSERT INTO `StudentCurriculum` VALUES ('1180055', '418000008');
INSERT INTO `StudentCurriculum` VALUES ('1180056', '418000005');
INSERT INTO `StudentCurriculum` VALUES ('1180056', '418000006');
INSERT INTO `StudentCurriculum` VALUES ('1180056', '418000007');
INSERT INTO `StudentCurriculum` VALUES ('1180056', '418000008');
INSERT INTO `StudentCurriculum` VALUES ('1180057', '418000005');
INSERT INTO `StudentCurriculum` VALUES ('1180057', '418000006');
INSERT INTO `StudentCurriculum` VALUES ('1180057', '418000007');
INSERT INTO `StudentCurriculum` VALUES ('1180057', '418000008');
INSERT INTO `StudentCurriculum` VALUES ('1180058', '418000005');
INSERT INTO `StudentCurriculum` VALUES ('1180058', '418000006');
INSERT INTO `StudentCurriculum` VALUES ('1180058', '418000007');
INSERT INTO `StudentCurriculum` VALUES ('1180058', '418000008');
INSERT INTO `StudentCurriculum` VALUES ('1180059', '418000005');
INSERT INTO `StudentCurriculum` VALUES ('1180059', '418000006');
INSERT INTO `StudentCurriculum` VALUES ('1180059', '418000007');
INSERT INTO `StudentCurriculum` VALUES ('1180059', '418000008');
INSERT INTO `StudentCurriculum` VALUES ('1180060', '418000005');
INSERT INTO `StudentCurriculum` VALUES ('1180060', '418000006');
INSERT INTO `StudentCurriculum` VALUES ('1180060', '418000007');
INSERT INTO `StudentCurriculum` VALUES ('1180060', '418000008');
INSERT INTO `StudentCurriculum` VALUES ('1180061', '418000009');
INSERT INTO `StudentCurriculum` VALUES ('1180061', '418000010');
INSERT INTO `StudentCurriculum` VALUES ('1180061', '418000011');
INSERT INTO `StudentCurriculum` VALUES ('1180061', '418000012');
INSERT INTO `StudentCurriculum` VALUES ('1180062', '418000009');
INSERT INTO `StudentCurriculum` VALUES ('1180062', '418000010');
INSERT INTO `StudentCurriculum` VALUES ('1180062', '418000011');
INSERT INTO `StudentCurriculum` VALUES ('1180062', '418000012');
INSERT INTO `StudentCurriculum` VALUES ('1180063', '418000009');
INSERT INTO `StudentCurriculum` VALUES ('1180063', '418000010');
INSERT INTO `StudentCurriculum` VALUES ('1180063', '418000011');
INSERT INTO `StudentCurriculum` VALUES ('1180063', '418000012');
INSERT INTO `StudentCurriculum` VALUES ('1180064', '418000009');
INSERT INTO `StudentCurriculum` VALUES ('1180064', '418000010');
INSERT INTO `StudentCurriculum` VALUES ('1180064', '418000011');
INSERT INTO `StudentCurriculum` VALUES ('1180064', '418000012');
INSERT INTO `StudentCurriculum` VALUES ('1180065', '418000009');
INSERT INTO `StudentCurriculum` VALUES ('1180065', '418000010');
INSERT INTO `StudentCurriculum` VALUES ('1180065', '418000011');
INSERT INTO `StudentCurriculum` VALUES ('1180065', '418000012');
INSERT INTO `StudentCurriculum` VALUES ('1180066', '418000009');
INSERT INTO `StudentCurriculum` VALUES ('1180066', '418000010');
INSERT INTO `StudentCurriculum` VALUES ('1180066', '418000011');
INSERT INTO `StudentCurriculum` VALUES ('1180066', '418000012');
INSERT INTO `StudentCurriculum` VALUES ('1180067', '418000009');
INSERT INTO `StudentCurriculum` VALUES ('1180067', '418000010');
INSERT INTO `StudentCurriculum` VALUES ('1180067', '418000011');
INSERT INTO `StudentCurriculum` VALUES ('1180067', '418000012');
INSERT INTO `StudentCurriculum` VALUES ('1180068', '418000009');
INSERT INTO `StudentCurriculum` VALUES ('1180068', '418000010');
INSERT INTO `StudentCurriculum` VALUES ('1180068', '418000011');
INSERT INTO `StudentCurriculum` VALUES ('1180068', '418000012');
INSERT INTO `StudentCurriculum` VALUES ('1180069', '418000009');
INSERT INTO `StudentCurriculum` VALUES ('1180069', '418000010');
INSERT INTO `StudentCurriculum` VALUES ('1180069', '418000011');
INSERT INTO `StudentCurriculum` VALUES ('1180069', '418000012');
INSERT INTO `StudentCurriculum` VALUES ('1180070', '418000009');
INSERT INTO `StudentCurriculum` VALUES ('1180070', '418000010');
INSERT INTO `StudentCurriculum` VALUES ('1180070', '418000011');
INSERT INTO `StudentCurriculum` VALUES ('1180070', '418000012');
INSERT INTO `StudentCurriculum` VALUES ('1180071', '418000009');
INSERT INTO `StudentCurriculum` VALUES ('1180071', '418000010');
INSERT INTO `StudentCurriculum` VALUES ('1180071', '418000011');
INSERT INTO `StudentCurriculum` VALUES ('1180071', '418000012');
INSERT INTO `StudentCurriculum` VALUES ('1180072', '418000009');
INSERT INTO `StudentCurriculum` VALUES ('1180072', '418000010');
INSERT INTO `StudentCurriculum` VALUES ('1180072', '418000011');
INSERT INTO `StudentCurriculum` VALUES ('1180072', '418000012');
INSERT INTO `StudentCurriculum` VALUES ('1180073', '418000009');
INSERT INTO `StudentCurriculum` VALUES ('1180073', '418000010');
INSERT INTO `StudentCurriculum` VALUES ('1180073', '418000011');
INSERT INTO `StudentCurriculum` VALUES ('1180073', '418000012');
INSERT INTO `StudentCurriculum` VALUES ('1180074', '418000009');
INSERT INTO `StudentCurriculum` VALUES ('1180074', '418000010');
INSERT INTO `StudentCurriculum` VALUES ('1180074', '418000011');
INSERT INTO `StudentCurriculum` VALUES ('1180074', '418000012');
INSERT INTO `StudentCurriculum` VALUES ('1180075', '418000009');
INSERT INTO `StudentCurriculum` VALUES ('1180075', '418000010');
INSERT INTO `StudentCurriculum` VALUES ('1180075', '418000011');
INSERT INTO `StudentCurriculum` VALUES ('1180075', '418000012');
INSERT INTO `StudentCurriculum` VALUES ('1180076', '418000009');
INSERT INTO `StudentCurriculum` VALUES ('1180076', '418000010');
INSERT INTO `StudentCurriculum` VALUES ('1180076', '418000011');
INSERT INTO `StudentCurriculum` VALUES ('1180076', '418000012');
INSERT INTO `StudentCurriculum` VALUES ('1180077', '418000009');
INSERT INTO `StudentCurriculum` VALUES ('1180077', '418000010');
INSERT INTO `StudentCurriculum` VALUES ('1180077', '418000011');
INSERT INTO `StudentCurriculum` VALUES ('1180077', '418000012');
INSERT INTO `StudentCurriculum` VALUES ('1180078', '418000009');
INSERT INTO `StudentCurriculum` VALUES ('1180078', '418000010');
INSERT INTO `StudentCurriculum` VALUES ('1180078', '418000011');
INSERT INTO `StudentCurriculum` VALUES ('1180078', '418000012');
INSERT INTO `StudentCurriculum` VALUES ('1180079', '418000009');
INSERT INTO `StudentCurriculum` VALUES ('1180079', '418000010');
INSERT INTO `StudentCurriculum` VALUES ('1180079', '418000011');
INSERT INTO `StudentCurriculum` VALUES ('1180079', '418000012');
INSERT INTO `StudentCurriculum` VALUES ('1180080', '418000009');
INSERT INTO `StudentCurriculum` VALUES ('1180080', '418000010');
INSERT INTO `StudentCurriculum` VALUES ('1180080', '418000011');
INSERT INTO `StudentCurriculum` VALUES ('1180080', '418000012');
INSERT INTO `StudentCurriculum` VALUES ('1180081', '418000009');
INSERT INTO `StudentCurriculum` VALUES ('1180081', '418000010');
INSERT INTO `StudentCurriculum` VALUES ('1180081', '418000011');
INSERT INTO `StudentCurriculum` VALUES ('1180081', '418000012');
INSERT INTO `StudentCurriculum` VALUES ('1180082', '418000009');
INSERT INTO `StudentCurriculum` VALUES ('1180082', '418000010');
INSERT INTO `StudentCurriculum` VALUES ('1180082', '418000011');
INSERT INTO `StudentCurriculum` VALUES ('1180082', '418000012');
INSERT INTO `StudentCurriculum` VALUES ('1180083', '418000009');
INSERT INTO `StudentCurriculum` VALUES ('1180083', '418000010');
INSERT INTO `StudentCurriculum` VALUES ('1180083', '418000011');
INSERT INTO `StudentCurriculum` VALUES ('1180083', '418000012');
INSERT INTO `StudentCurriculum` VALUES ('1180084', '418000009');
INSERT INTO `StudentCurriculum` VALUES ('1180084', '418000010');
INSERT INTO `StudentCurriculum` VALUES ('1180084', '418000011');
INSERT INTO `StudentCurriculum` VALUES ('1180084', '418000012');
INSERT INTO `StudentCurriculum` VALUES ('1180085', '418000009');
INSERT INTO `StudentCurriculum` VALUES ('1180085', '418000010');
INSERT INTO `StudentCurriculum` VALUES ('1180085', '418000011');
INSERT INTO `StudentCurriculum` VALUES ('1180085', '418000012');
INSERT INTO `StudentCurriculum` VALUES ('1180086', '418000009');
INSERT INTO `StudentCurriculum` VALUES ('1180086', '418000010');
INSERT INTO `StudentCurriculum` VALUES ('1180086', '418000011');
INSERT INTO `StudentCurriculum` VALUES ('1180086', '418000012');
INSERT INTO `StudentCurriculum` VALUES ('1180087', '418000009');
INSERT INTO `StudentCurriculum` VALUES ('1180087', '418000010');
INSERT INTO `StudentCurriculum` VALUES ('1180087', '418000011');
INSERT INTO `StudentCurriculum` VALUES ('1180087', '418000012');
INSERT INTO `StudentCurriculum` VALUES ('1180088', '418000009');
INSERT INTO `StudentCurriculum` VALUES ('1180088', '418000010');
INSERT INTO `StudentCurriculum` VALUES ('1180088', '418000011');
INSERT INTO `StudentCurriculum` VALUES ('1180088', '418000012');
INSERT INTO `StudentCurriculum` VALUES ('1180089', '418000009');
INSERT INTO `StudentCurriculum` VALUES ('1180089', '418000010');
INSERT INTO `StudentCurriculum` VALUES ('1180089', '418000011');
INSERT INTO `StudentCurriculum` VALUES ('1180089', '418000012');
INSERT INTO `StudentCurriculum` VALUES ('1180090', '418000009');
INSERT INTO `StudentCurriculum` VALUES ('1180090', '418000010');
INSERT INTO `StudentCurriculum` VALUES ('1180090', '418000011');
INSERT INTO `StudentCurriculum` VALUES ('1180090', '418000012');
INSERT INTO `StudentCurriculum` VALUES ('1180091', '418000013');
INSERT INTO `StudentCurriculum` VALUES ('1180091', '418000014');
INSERT INTO `StudentCurriculum` VALUES ('1180091', '418000015');
INSERT INTO `StudentCurriculum` VALUES ('1180091', '418000016');
INSERT INTO `StudentCurriculum` VALUES ('1180092', '418000013');
INSERT INTO `StudentCurriculum` VALUES ('1180092', '418000014');
INSERT INTO `StudentCurriculum` VALUES ('1180092', '418000015');
INSERT INTO `StudentCurriculum` VALUES ('1180092', '418000016');
INSERT INTO `StudentCurriculum` VALUES ('1180093', '418000013');
INSERT INTO `StudentCurriculum` VALUES ('1180093', '418000014');
INSERT INTO `StudentCurriculum` VALUES ('1180093', '418000015');
INSERT INTO `StudentCurriculum` VALUES ('1180093', '418000016');
INSERT INTO `StudentCurriculum` VALUES ('1180094', '418000013');
INSERT INTO `StudentCurriculum` VALUES ('1180094', '418000014');
INSERT INTO `StudentCurriculum` VALUES ('1180094', '418000015');
INSERT INTO `StudentCurriculum` VALUES ('1180094', '418000016');
INSERT INTO `StudentCurriculum` VALUES ('1180095', '418000013');
INSERT INTO `StudentCurriculum` VALUES ('1180095', '418000014');
INSERT INTO `StudentCurriculum` VALUES ('1180095', '418000015');
INSERT INTO `StudentCurriculum` VALUES ('1180095', '418000016');
INSERT INTO `StudentCurriculum` VALUES ('1180096', '418000013');
INSERT INTO `StudentCurriculum` VALUES ('1180096', '418000014');
INSERT INTO `StudentCurriculum` VALUES ('1180096', '418000015');
INSERT INTO `StudentCurriculum` VALUES ('1180096', '418000016');
INSERT INTO `StudentCurriculum` VALUES ('1180097', '418000013');
INSERT INTO `StudentCurriculum` VALUES ('1180097', '418000014');
INSERT INTO `StudentCurriculum` VALUES ('1180097', '418000015');
INSERT INTO `StudentCurriculum` VALUES ('1180097', '418000016');
INSERT INTO `StudentCurriculum` VALUES ('1180098', '418000013');
INSERT INTO `StudentCurriculum` VALUES ('1180098', '418000014');
INSERT INTO `StudentCurriculum` VALUES ('1180098', '418000015');
INSERT INTO `StudentCurriculum` VALUES ('1180098', '418000016');
INSERT INTO `StudentCurriculum` VALUES ('1180099', '418000013');
INSERT INTO `StudentCurriculum` VALUES ('1180099', '418000014');
INSERT INTO `StudentCurriculum` VALUES ('1180099', '418000015');
INSERT INTO `StudentCurriculum` VALUES ('1180099', '418000016');
INSERT INTO `StudentCurriculum` VALUES ('1180100', '418000013');
INSERT INTO `StudentCurriculum` VALUES ('1180100', '418000014');
INSERT INTO `StudentCurriculum` VALUES ('1180100', '418000015');
INSERT INTO `StudentCurriculum` VALUES ('1180100', '418000016');
INSERT INTO `StudentCurriculum` VALUES ('1180101', '418000013');
INSERT INTO `StudentCurriculum` VALUES ('1180101', '418000014');
INSERT INTO `StudentCurriculum` VALUES ('1180101', '418000015');
INSERT INTO `StudentCurriculum` VALUES ('1180101', '418000016');
INSERT INTO `StudentCurriculum` VALUES ('1180102', '418000013');
INSERT INTO `StudentCurriculum` VALUES ('1180102', '418000014');
INSERT INTO `StudentCurriculum` VALUES ('1180102', '418000015');
INSERT INTO `StudentCurriculum` VALUES ('1180102', '418000016');
INSERT INTO `StudentCurriculum` VALUES ('1180103', '418000013');
INSERT INTO `StudentCurriculum` VALUES ('1180103', '418000014');
INSERT INTO `StudentCurriculum` VALUES ('1180103', '418000015');
INSERT INTO `StudentCurriculum` VALUES ('1180103', '418000016');
INSERT INTO `StudentCurriculum` VALUES ('1180104', '418000013');
INSERT INTO `StudentCurriculum` VALUES ('1180104', '418000014');
INSERT INTO `StudentCurriculum` VALUES ('1180104', '418000015');
INSERT INTO `StudentCurriculum` VALUES ('1180104', '418000016');
INSERT INTO `StudentCurriculum` VALUES ('1180105', '418000013');
INSERT INTO `StudentCurriculum` VALUES ('1180105', '418000014');
INSERT INTO `StudentCurriculum` VALUES ('1180105', '418000015');
INSERT INTO `StudentCurriculum` VALUES ('1180105', '418000016');
INSERT INTO `StudentCurriculum` VALUES ('1180106', '418000013');
INSERT INTO `StudentCurriculum` VALUES ('1180106', '418000014');
INSERT INTO `StudentCurriculum` VALUES ('1180106', '418000015');
INSERT INTO `StudentCurriculum` VALUES ('1180106', '418000016');
INSERT INTO `StudentCurriculum` VALUES ('1180107', '418000013');
INSERT INTO `StudentCurriculum` VALUES ('1180107', '418000014');
INSERT INTO `StudentCurriculum` VALUES ('1180107', '418000015');
INSERT INTO `StudentCurriculum` VALUES ('1180107', '418000016');
INSERT INTO `StudentCurriculum` VALUES ('1180108', '418000013');
INSERT INTO `StudentCurriculum` VALUES ('1180108', '418000014');
INSERT INTO `StudentCurriculum` VALUES ('1180108', '418000015');
INSERT INTO `StudentCurriculum` VALUES ('1180108', '418000016');
INSERT INTO `StudentCurriculum` VALUES ('1180109', '418000013');
INSERT INTO `StudentCurriculum` VALUES ('1180109', '418000014');
INSERT INTO `StudentCurriculum` VALUES ('1180109', '418000015');
INSERT INTO `StudentCurriculum` VALUES ('1180109', '418000016');
INSERT INTO `StudentCurriculum` VALUES ('1180110', '418000013');
INSERT INTO `StudentCurriculum` VALUES ('1180110', '418000014');
INSERT INTO `StudentCurriculum` VALUES ('1180110', '418000015');
INSERT INTO `StudentCurriculum` VALUES ('1180110', '418000016');
INSERT INTO `StudentCurriculum` VALUES ('1180111', '418000013');
INSERT INTO `StudentCurriculum` VALUES ('1180111', '418000014');
INSERT INTO `StudentCurriculum` VALUES ('1180111', '418000015');
INSERT INTO `StudentCurriculum` VALUES ('1180111', '418000016');
INSERT INTO `StudentCurriculum` VALUES ('1180112', '418000013');
INSERT INTO `StudentCurriculum` VALUES ('1180112', '418000014');
INSERT INTO `StudentCurriculum` VALUES ('1180112', '418000015');
INSERT INTO `StudentCurriculum` VALUES ('1180112', '418000016');
INSERT INTO `StudentCurriculum` VALUES ('1180113', '418000013');
INSERT INTO `StudentCurriculum` VALUES ('1180113', '418000014');
INSERT INTO `StudentCurriculum` VALUES ('1180113', '418000015');
INSERT INTO `StudentCurriculum` VALUES ('1180113', '418000016');
INSERT INTO `StudentCurriculum` VALUES ('1180114', '418000013');
INSERT INTO `StudentCurriculum` VALUES ('1180114', '418000014');
INSERT INTO `StudentCurriculum` VALUES ('1180114', '418000015');
INSERT INTO `StudentCurriculum` VALUES ('1180114', '418000016');
INSERT INTO `StudentCurriculum` VALUES ('1180115', '418000013');
INSERT INTO `StudentCurriculum` VALUES ('1180115', '418000014');
INSERT INTO `StudentCurriculum` VALUES ('1180115', '418000015');
INSERT INTO `StudentCurriculum` VALUES ('1180115', '418000016');
INSERT INTO `StudentCurriculum` VALUES ('1180116', '418000013');
INSERT INTO `StudentCurriculum` VALUES ('1180116', '418000014');
INSERT INTO `StudentCurriculum` VALUES ('1180116', '418000015');
INSERT INTO `StudentCurriculum` VALUES ('1180116', '418000016');
INSERT INTO `StudentCurriculum` VALUES ('1180117', '418000013');
INSERT INTO `StudentCurriculum` VALUES ('1180117', '418000014');
INSERT INTO `StudentCurriculum` VALUES ('1180117', '418000015');
INSERT INTO `StudentCurriculum` VALUES ('1180117', '418000016');
INSERT INTO `StudentCurriculum` VALUES ('1180118', '418000013');
INSERT INTO `StudentCurriculum` VALUES ('1180118', '418000014');
INSERT INTO `StudentCurriculum` VALUES ('1180118', '418000015');
INSERT INTO `StudentCurriculum` VALUES ('1180118', '418000016');
INSERT INTO `StudentCurriculum` VALUES ('1180119', '418000013');
INSERT INTO `StudentCurriculum` VALUES ('1180119', '418000014');
INSERT INTO `StudentCurriculum` VALUES ('1180119', '418000015');
INSERT INTO `StudentCurriculum` VALUES ('1180119', '418000016');
INSERT INTO `StudentCurriculum` VALUES ('1180120', '418000013');
INSERT INTO `StudentCurriculum` VALUES ('1180120', '418000014');
INSERT INTO `StudentCurriculum` VALUES ('1180120', '418000015');
INSERT INTO `StudentCurriculum` VALUES ('1180120', '418000016');
INSERT INTO `StudentCurriculum` VALUES ('1180121', '418000017');
INSERT INTO `StudentCurriculum` VALUES ('1180121', '418000018');
INSERT INTO `StudentCurriculum` VALUES ('1180121', '418000019');
INSERT INTO `StudentCurriculum` VALUES ('1180121', '418000020');
INSERT INTO `StudentCurriculum` VALUES ('1180122', '418000017');
INSERT INTO `StudentCurriculum` VALUES ('1180122', '418000018');
INSERT INTO `StudentCurriculum` VALUES ('1180122', '418000019');
INSERT INTO `StudentCurriculum` VALUES ('1180122', '418000020');
INSERT INTO `StudentCurriculum` VALUES ('1180123', '418000017');
INSERT INTO `StudentCurriculum` VALUES ('1180123', '418000018');
INSERT INTO `StudentCurriculum` VALUES ('1180123', '418000019');
INSERT INTO `StudentCurriculum` VALUES ('1180123', '418000020');
INSERT INTO `StudentCurriculum` VALUES ('1180124', '418000017');
INSERT INTO `StudentCurriculum` VALUES ('1180124', '418000018');
INSERT INTO `StudentCurriculum` VALUES ('1180124', '418000019');
INSERT INTO `StudentCurriculum` VALUES ('1180124', '418000020');
INSERT INTO `StudentCurriculum` VALUES ('1180125', '418000017');
INSERT INTO `StudentCurriculum` VALUES ('1180125', '418000018');
INSERT INTO `StudentCurriculum` VALUES ('1180125', '418000019');
INSERT INTO `StudentCurriculum` VALUES ('1180125', '418000020');
INSERT INTO `StudentCurriculum` VALUES ('1180126', '418000017');
INSERT INTO `StudentCurriculum` VALUES ('1180126', '418000018');
INSERT INTO `StudentCurriculum` VALUES ('1180126', '418000019');
INSERT INTO `StudentCurriculum` VALUES ('1180126', '418000020');
INSERT INTO `StudentCurriculum` VALUES ('1180127', '418000017');
INSERT INTO `StudentCurriculum` VALUES ('1180127', '418000018');
INSERT INTO `StudentCurriculum` VALUES ('1180127', '418000019');
INSERT INTO `StudentCurriculum` VALUES ('1180127', '418000020');
INSERT INTO `StudentCurriculum` VALUES ('1180128', '418000017');
INSERT INTO `StudentCurriculum` VALUES ('1180128', '418000018');
INSERT INTO `StudentCurriculum` VALUES ('1180128', '418000019');
INSERT INTO `StudentCurriculum` VALUES ('1180128', '418000020');
INSERT INTO `StudentCurriculum` VALUES ('1180129', '418000017');
INSERT INTO `StudentCurriculum` VALUES ('1180129', '418000018');
INSERT INTO `StudentCurriculum` VALUES ('1180129', '418000019');
INSERT INTO `StudentCurriculum` VALUES ('1180129', '418000020');
INSERT INTO `StudentCurriculum` VALUES ('1180130', '418000017');
INSERT INTO `StudentCurriculum` VALUES ('1180130', '418000018');
INSERT INTO `StudentCurriculum` VALUES ('1180130', '418000019');
INSERT INTO `StudentCurriculum` VALUES ('1180130', '418000020');
INSERT INTO `StudentCurriculum` VALUES ('1180131', '418000017');
INSERT INTO `StudentCurriculum` VALUES ('1180131', '418000018');
INSERT INTO `StudentCurriculum` VALUES ('1180131', '418000019');
INSERT INTO `StudentCurriculum` VALUES ('1180131', '418000020');
INSERT INTO `StudentCurriculum` VALUES ('1180132', '418000017');
INSERT INTO `StudentCurriculum` VALUES ('1180132', '418000018');
INSERT INTO `StudentCurriculum` VALUES ('1180132', '418000019');
INSERT INTO `StudentCurriculum` VALUES ('1180132', '418000020');
INSERT INTO `StudentCurriculum` VALUES ('1180133', '418000017');
INSERT INTO `StudentCurriculum` VALUES ('1180133', '418000018');
INSERT INTO `StudentCurriculum` VALUES ('1180133', '418000019');
INSERT INTO `StudentCurriculum` VALUES ('1180133', '418000020');
INSERT INTO `StudentCurriculum` VALUES ('1180134', '418000017');
INSERT INTO `StudentCurriculum` VALUES ('1180134', '418000018');
INSERT INTO `StudentCurriculum` VALUES ('1180134', '418000019');
INSERT INTO `StudentCurriculum` VALUES ('1180134', '418000020');
INSERT INTO `StudentCurriculum` VALUES ('1180135', '418000017');
INSERT INTO `StudentCurriculum` VALUES ('1180135', '418000018');
INSERT INTO `StudentCurriculum` VALUES ('1180135', '418000019');
INSERT INTO `StudentCurriculum` VALUES ('1180135', '418000020');
INSERT INTO `StudentCurriculum` VALUES ('1180136', '418000017');
INSERT INTO `StudentCurriculum` VALUES ('1180136', '418000018');
INSERT INTO `StudentCurriculum` VALUES ('1180136', '418000019');
INSERT INTO `StudentCurriculum` VALUES ('1180136', '418000020');
INSERT INTO `StudentCurriculum` VALUES ('1180137', '418000017');
INSERT INTO `StudentCurriculum` VALUES ('1180137', '418000018');
INSERT INTO `StudentCurriculum` VALUES ('1180137', '418000019');
INSERT INTO `StudentCurriculum` VALUES ('1180137', '418000020');
INSERT INTO `StudentCurriculum` VALUES ('1180138', '418000017');
INSERT INTO `StudentCurriculum` VALUES ('1180138', '418000018');
INSERT INTO `StudentCurriculum` VALUES ('1180138', '418000019');
INSERT INTO `StudentCurriculum` VALUES ('1180138', '418000020');
INSERT INTO `StudentCurriculum` VALUES ('1180139', '418000017');
INSERT INTO `StudentCurriculum` VALUES ('1180139', '418000018');
INSERT INTO `StudentCurriculum` VALUES ('1180139', '418000019');
INSERT INTO `StudentCurriculum` VALUES ('1180139', '418000020');
INSERT INTO `StudentCurriculum` VALUES ('1180140', '418000017');
INSERT INTO `StudentCurriculum` VALUES ('1180140', '418000018');
INSERT INTO `StudentCurriculum` VALUES ('1180140', '418000019');
INSERT INTO `StudentCurriculum` VALUES ('1180140', '418000020');
INSERT INTO `StudentCurriculum` VALUES ('1180141', '418000017');
INSERT INTO `StudentCurriculum` VALUES ('1180141', '418000018');
INSERT INTO `StudentCurriculum` VALUES ('1180141', '418000019');
INSERT INTO `StudentCurriculum` VALUES ('1180141', '418000020');
INSERT INTO `StudentCurriculum` VALUES ('1180142', '418000017');
INSERT INTO `StudentCurriculum` VALUES ('1180142', '418000018');
INSERT INTO `StudentCurriculum` VALUES ('1180142', '418000019');
INSERT INTO `StudentCurriculum` VALUES ('1180142', '418000020');
INSERT INTO `StudentCurriculum` VALUES ('1180143', '418000017');
INSERT INTO `StudentCurriculum` VALUES ('1180143', '418000018');
INSERT INTO `StudentCurriculum` VALUES ('1180143', '418000019');
INSERT INTO `StudentCurriculum` VALUES ('1180143', '418000020');
INSERT INTO `StudentCurriculum` VALUES ('1180144', '418000017');
INSERT INTO `StudentCurriculum` VALUES ('1180144', '418000018');
INSERT INTO `StudentCurriculum` VALUES ('1180144', '418000019');
INSERT INTO `StudentCurriculum` VALUES ('1180144', '418000020');
INSERT INTO `StudentCurriculum` VALUES ('1180145', '418000017');
INSERT INTO `StudentCurriculum` VALUES ('1180145', '418000018');
INSERT INTO `StudentCurriculum` VALUES ('1180145', '418000019');
INSERT INTO `StudentCurriculum` VALUES ('1180145', '418000020');
INSERT INTO `StudentCurriculum` VALUES ('1180146', '418000017');
INSERT INTO `StudentCurriculum` VALUES ('1180146', '418000018');
INSERT INTO `StudentCurriculum` VALUES ('1180146', '418000019');
INSERT INTO `StudentCurriculum` VALUES ('1180146', '418000020');
INSERT INTO `StudentCurriculum` VALUES ('1180147', '418000017');
INSERT INTO `StudentCurriculum` VALUES ('1180147', '418000018');
INSERT INTO `StudentCurriculum` VALUES ('1180147', '418000019');
INSERT INTO `StudentCurriculum` VALUES ('1180147', '418000020');
INSERT INTO `StudentCurriculum` VALUES ('1180148', '418000017');
INSERT INTO `StudentCurriculum` VALUES ('1180148', '418000018');
INSERT INTO `StudentCurriculum` VALUES ('1180148', '418000019');
INSERT INTO `StudentCurriculum` VALUES ('1180148', '418000020');
INSERT INTO `StudentCurriculum` VALUES ('1180149', '418000017');
INSERT INTO `StudentCurriculum` VALUES ('1180149', '418000018');
INSERT INTO `StudentCurriculum` VALUES ('1180149', '418000019');
INSERT INTO `StudentCurriculum` VALUES ('1180149', '418000020');
INSERT INTO `StudentCurriculum` VALUES ('1180150', '418000017');
INSERT INTO `StudentCurriculum` VALUES ('1180150', '418000018');
INSERT INTO `StudentCurriculum` VALUES ('1180150', '418000019');
INSERT INTO `StudentCurriculum` VALUES ('1180150', '418000020');
INSERT INTO `StudentCurriculum` VALUES ('1180151', '418000021');
INSERT INTO `StudentCurriculum` VALUES ('1180151', '418000022');
INSERT INTO `StudentCurriculum` VALUES ('1180151', '418000023');
INSERT INTO `StudentCurriculum` VALUES ('1180151', '418000024');
INSERT INTO `StudentCurriculum` VALUES ('1180152', '418000021');
INSERT INTO `StudentCurriculum` VALUES ('1180152', '418000022');
INSERT INTO `StudentCurriculum` VALUES ('1180152', '418000023');
INSERT INTO `StudentCurriculum` VALUES ('1180152', '418000024');
INSERT INTO `StudentCurriculum` VALUES ('1180153', '418000021');
INSERT INTO `StudentCurriculum` VALUES ('1180153', '418000022');
INSERT INTO `StudentCurriculum` VALUES ('1180153', '418000023');
INSERT INTO `StudentCurriculum` VALUES ('1180153', '418000024');
INSERT INTO `StudentCurriculum` VALUES ('1180154', '418000021');
INSERT INTO `StudentCurriculum` VALUES ('1180154', '418000022');
INSERT INTO `StudentCurriculum` VALUES ('1180154', '418000023');
INSERT INTO `StudentCurriculum` VALUES ('1180154', '418000024');
INSERT INTO `StudentCurriculum` VALUES ('1180155', '418000021');
INSERT INTO `StudentCurriculum` VALUES ('1180155', '418000022');
INSERT INTO `StudentCurriculum` VALUES ('1180155', '418000023');
INSERT INTO `StudentCurriculum` VALUES ('1180155', '418000024');
INSERT INTO `StudentCurriculum` VALUES ('1180156', '418000021');
INSERT INTO `StudentCurriculum` VALUES ('1180156', '418000022');
INSERT INTO `StudentCurriculum` VALUES ('1180156', '418000023');
INSERT INTO `StudentCurriculum` VALUES ('1180156', '418000024');
INSERT INTO `StudentCurriculum` VALUES ('1180157', '418000021');
INSERT INTO `StudentCurriculum` VALUES ('1180157', '418000022');
INSERT INTO `StudentCurriculum` VALUES ('1180157', '418000023');
INSERT INTO `StudentCurriculum` VALUES ('1180157', '418000024');
INSERT INTO `StudentCurriculum` VALUES ('1180158', '418000021');
INSERT INTO `StudentCurriculum` VALUES ('1180158', '418000022');
INSERT INTO `StudentCurriculum` VALUES ('1180158', '418000023');
INSERT INTO `StudentCurriculum` VALUES ('1180158', '418000024');
INSERT INTO `StudentCurriculum` VALUES ('1180159', '418000021');
INSERT INTO `StudentCurriculum` VALUES ('1180159', '418000022');
INSERT INTO `StudentCurriculum` VALUES ('1180159', '418000023');
INSERT INTO `StudentCurriculum` VALUES ('1180159', '418000024');
INSERT INTO `StudentCurriculum` VALUES ('1180160', '418000021');
INSERT INTO `StudentCurriculum` VALUES ('1180160', '418000022');
INSERT INTO `StudentCurriculum` VALUES ('1180160', '418000023');
INSERT INTO `StudentCurriculum` VALUES ('1180160', '418000024');
INSERT INTO `StudentCurriculum` VALUES ('1180161', '418000021');
INSERT INTO `StudentCurriculum` VALUES ('1180161', '418000022');
INSERT INTO `StudentCurriculum` VALUES ('1180161', '418000023');
INSERT INTO `StudentCurriculum` VALUES ('1180161', '418000024');
INSERT INTO `StudentCurriculum` VALUES ('1180162', '418000021');
INSERT INTO `StudentCurriculum` VALUES ('1180162', '418000022');
INSERT INTO `StudentCurriculum` VALUES ('1180162', '418000023');
INSERT INTO `StudentCurriculum` VALUES ('1180162', '418000024');
INSERT INTO `StudentCurriculum` VALUES ('1180163', '418000021');
INSERT INTO `StudentCurriculum` VALUES ('1180163', '418000022');
INSERT INTO `StudentCurriculum` VALUES ('1180163', '418000023');
INSERT INTO `StudentCurriculum` VALUES ('1180163', '418000024');
INSERT INTO `StudentCurriculum` VALUES ('1180164', '418000021');
INSERT INTO `StudentCurriculum` VALUES ('1180164', '418000022');
INSERT INTO `StudentCurriculum` VALUES ('1180164', '418000023');
INSERT INTO `StudentCurriculum` VALUES ('1180164', '418000024');
INSERT INTO `StudentCurriculum` VALUES ('1180165', '418000021');
INSERT INTO `StudentCurriculum` VALUES ('1180165', '418000022');
INSERT INTO `StudentCurriculum` VALUES ('1180165', '418000023');
INSERT INTO `StudentCurriculum` VALUES ('1180165', '418000024');
INSERT INTO `StudentCurriculum` VALUES ('1180166', '418000021');
INSERT INTO `StudentCurriculum` VALUES ('1180166', '418000022');
INSERT INTO `StudentCurriculum` VALUES ('1180166', '418000023');
INSERT INTO `StudentCurriculum` VALUES ('1180166', '418000024');
INSERT INTO `StudentCurriculum` VALUES ('1180167', '418000021');
INSERT INTO `StudentCurriculum` VALUES ('1180167', '418000022');
INSERT INTO `StudentCurriculum` VALUES ('1180167', '418000023');
INSERT INTO `StudentCurriculum` VALUES ('1180167', '418000024');
INSERT INTO `StudentCurriculum` VALUES ('1180168', '418000021');
INSERT INTO `StudentCurriculum` VALUES ('1180168', '418000022');
INSERT INTO `StudentCurriculum` VALUES ('1180168', '418000023');
INSERT INTO `StudentCurriculum` VALUES ('1180168', '418000024');
INSERT INTO `StudentCurriculum` VALUES ('1180169', '418000021');
INSERT INTO `StudentCurriculum` VALUES ('1180169', '418000022');
INSERT INTO `StudentCurriculum` VALUES ('1180169', '418000023');
INSERT INTO `StudentCurriculum` VALUES ('1180169', '418000024');
INSERT INTO `StudentCurriculum` VALUES ('1180170', '418000021');
INSERT INTO `StudentCurriculum` VALUES ('1180170', '418000022');
INSERT INTO `StudentCurriculum` VALUES ('1180170', '418000023');
INSERT INTO `StudentCurriculum` VALUES ('1180170', '418000024');
INSERT INTO `StudentCurriculum` VALUES ('1180171', '418000021');
INSERT INTO `StudentCurriculum` VALUES ('1180171', '418000022');
INSERT INTO `StudentCurriculum` VALUES ('1180171', '418000023');
INSERT INTO `StudentCurriculum` VALUES ('1180171', '418000024');
INSERT INTO `StudentCurriculum` VALUES ('1180172', '418000021');
INSERT INTO `StudentCurriculum` VALUES ('1180172', '418000022');
INSERT INTO `StudentCurriculum` VALUES ('1180172', '418000023');
INSERT INTO `StudentCurriculum` VALUES ('1180172', '418000024');
INSERT INTO `StudentCurriculum` VALUES ('1180173', '418000021');
INSERT INTO `StudentCurriculum` VALUES ('1180173', '418000022');
INSERT INTO `StudentCurriculum` VALUES ('1180173', '418000023');
INSERT INTO `StudentCurriculum` VALUES ('1180173', '418000024');
INSERT INTO `StudentCurriculum` VALUES ('1180174', '418000021');
INSERT INTO `StudentCurriculum` VALUES ('1180174', '418000022');
INSERT INTO `StudentCurriculum` VALUES ('1180174', '418000023');
INSERT INTO `StudentCurriculum` VALUES ('1180174', '418000024');
INSERT INTO `StudentCurriculum` VALUES ('1180175', '418000021');
INSERT INTO `StudentCurriculum` VALUES ('1180175', '418000022');
INSERT INTO `StudentCurriculum` VALUES ('1180175', '418000023');
INSERT INTO `StudentCurriculum` VALUES ('1180175', '418000024');
INSERT INTO `StudentCurriculum` VALUES ('1180176', '418000021');
INSERT INTO `StudentCurriculum` VALUES ('1180176', '418000022');
INSERT INTO `StudentCurriculum` VALUES ('1180176', '418000023');
INSERT INTO `StudentCurriculum` VALUES ('1180176', '418000024');
INSERT INTO `StudentCurriculum` VALUES ('1180177', '418000021');
INSERT INTO `StudentCurriculum` VALUES ('1180177', '418000022');
INSERT INTO `StudentCurriculum` VALUES ('1180177', '418000023');
INSERT INTO `StudentCurriculum` VALUES ('1180177', '418000024');
INSERT INTO `StudentCurriculum` VALUES ('1180178', '418000021');
INSERT INTO `StudentCurriculum` VALUES ('1180178', '418000022');
INSERT INTO `StudentCurriculum` VALUES ('1180178', '418000023');
INSERT INTO `StudentCurriculum` VALUES ('1180178', '418000024');
INSERT INTO `StudentCurriculum` VALUES ('1180179', '418000021');
INSERT INTO `StudentCurriculum` VALUES ('1180179', '418000022');
INSERT INTO `StudentCurriculum` VALUES ('1180179', '418000023');
INSERT INTO `StudentCurriculum` VALUES ('1180179', '418000024');
INSERT INTO `StudentCurriculum` VALUES ('1180180', '418000021');
INSERT INTO `StudentCurriculum` VALUES ('1180180', '418000022');
INSERT INTO `StudentCurriculum` VALUES ('1180180', '418000023');
INSERT INTO `StudentCurriculum` VALUES ('1180180', '418000024');
INSERT INTO `StudentCurriculum` VALUES ('1180181', '418000025');
INSERT INTO `StudentCurriculum` VALUES ('1180181', '418000026');
INSERT INTO `StudentCurriculum` VALUES ('1180181', '418000027');
INSERT INTO `StudentCurriculum` VALUES ('1180181', '418000028');
INSERT INTO `StudentCurriculum` VALUES ('1180182', '418000025');
INSERT INTO `StudentCurriculum` VALUES ('1180182', '418000026');
INSERT INTO `StudentCurriculum` VALUES ('1180182', '418000027');
INSERT INTO `StudentCurriculum` VALUES ('1180182', '418000028');
INSERT INTO `StudentCurriculum` VALUES ('1180183', '418000025');
INSERT INTO `StudentCurriculum` VALUES ('1180183', '418000026');
INSERT INTO `StudentCurriculum` VALUES ('1180183', '418000027');
INSERT INTO `StudentCurriculum` VALUES ('1180183', '418000028');
INSERT INTO `StudentCurriculum` VALUES ('1180184', '418000025');
INSERT INTO `StudentCurriculum` VALUES ('1180184', '418000026');
INSERT INTO `StudentCurriculum` VALUES ('1180184', '418000027');
INSERT INTO `StudentCurriculum` VALUES ('1180184', '418000028');
INSERT INTO `StudentCurriculum` VALUES ('1180185', '418000025');
INSERT INTO `StudentCurriculum` VALUES ('1180185', '418000026');
INSERT INTO `StudentCurriculum` VALUES ('1180185', '418000027');
INSERT INTO `StudentCurriculum` VALUES ('1180185', '418000028');
INSERT INTO `StudentCurriculum` VALUES ('1180186', '418000025');
INSERT INTO `StudentCurriculum` VALUES ('1180186', '418000026');
INSERT INTO `StudentCurriculum` VALUES ('1180186', '418000027');
INSERT INTO `StudentCurriculum` VALUES ('1180186', '418000028');
INSERT INTO `StudentCurriculum` VALUES ('1180187', '418000025');
INSERT INTO `StudentCurriculum` VALUES ('1180187', '418000026');
INSERT INTO `StudentCurriculum` VALUES ('1180187', '418000027');
INSERT INTO `StudentCurriculum` VALUES ('1180187', '418000028');
INSERT INTO `StudentCurriculum` VALUES ('1180188', '418000025');
INSERT INTO `StudentCurriculum` VALUES ('1180188', '418000026');
INSERT INTO `StudentCurriculum` VALUES ('1180188', '418000027');
INSERT INTO `StudentCurriculum` VALUES ('1180188', '418000028');
INSERT INTO `StudentCurriculum` VALUES ('1180189', '418000025');
INSERT INTO `StudentCurriculum` VALUES ('1180189', '418000026');
INSERT INTO `StudentCurriculum` VALUES ('1180189', '418000027');
INSERT INTO `StudentCurriculum` VALUES ('1180189', '418000028');
INSERT INTO `StudentCurriculum` VALUES ('1180190', '418000025');
INSERT INTO `StudentCurriculum` VALUES ('1180190', '418000026');
INSERT INTO `StudentCurriculum` VALUES ('1180190', '418000027');
INSERT INTO `StudentCurriculum` VALUES ('1180190', '418000028');
INSERT INTO `StudentCurriculum` VALUES ('1180191', '418000025');
INSERT INTO `StudentCurriculum` VALUES ('1180191', '418000026');
INSERT INTO `StudentCurriculum` VALUES ('1180191', '418000027');
INSERT INTO `StudentCurriculum` VALUES ('1180191', '418000028');
INSERT INTO `StudentCurriculum` VALUES ('1180192', '418000025');
INSERT INTO `StudentCurriculum` VALUES ('1180192', '418000026');
INSERT INTO `StudentCurriculum` VALUES ('1180192', '418000027');
INSERT INTO `StudentCurriculum` VALUES ('1180192', '418000028');
INSERT INTO `StudentCurriculum` VALUES ('1180193', '418000025');
INSERT INTO `StudentCurriculum` VALUES ('1180193', '418000026');
INSERT INTO `StudentCurriculum` VALUES ('1180193', '418000027');
INSERT INTO `StudentCurriculum` VALUES ('1180193', '418000028');
INSERT INTO `StudentCurriculum` VALUES ('1180194', '418000025');
INSERT INTO `StudentCurriculum` VALUES ('1180194', '418000026');
INSERT INTO `StudentCurriculum` VALUES ('1180194', '418000027');
INSERT INTO `StudentCurriculum` VALUES ('1180194', '418000028');
INSERT INTO `StudentCurriculum` VALUES ('1180195', '418000025');
INSERT INTO `StudentCurriculum` VALUES ('1180195', '418000026');
INSERT INTO `StudentCurriculum` VALUES ('1180195', '418000027');
INSERT INTO `StudentCurriculum` VALUES ('1180195', '418000028');
INSERT INTO `StudentCurriculum` VALUES ('1180196', '418000025');
INSERT INTO `StudentCurriculum` VALUES ('1180196', '418000026');
INSERT INTO `StudentCurriculum` VALUES ('1180196', '418000027');
INSERT INTO `StudentCurriculum` VALUES ('1180196', '418000028');
INSERT INTO `StudentCurriculum` VALUES ('1180197', '418000025');
INSERT INTO `StudentCurriculum` VALUES ('1180197', '418000026');
INSERT INTO `StudentCurriculum` VALUES ('1180197', '418000027');
INSERT INTO `StudentCurriculum` VALUES ('1180197', '418000028');
INSERT INTO `StudentCurriculum` VALUES ('1180198', '418000025');
INSERT INTO `StudentCurriculum` VALUES ('1180198', '418000026');
INSERT INTO `StudentCurriculum` VALUES ('1180198', '418000027');
INSERT INTO `StudentCurriculum` VALUES ('1180198', '418000028');
INSERT INTO `StudentCurriculum` VALUES ('1180199', '418000025');
INSERT INTO `StudentCurriculum` VALUES ('1180199', '418000026');
INSERT INTO `StudentCurriculum` VALUES ('1180199', '418000027');
INSERT INTO `StudentCurriculum` VALUES ('1180199', '418000028');
INSERT INTO `StudentCurriculum` VALUES ('1180200', '418000025');
INSERT INTO `StudentCurriculum` VALUES ('1180200', '418000026');
INSERT INTO `StudentCurriculum` VALUES ('1180200', '418000027');
INSERT INTO `StudentCurriculum` VALUES ('1180200', '418000028');
INSERT INTO `StudentCurriculum` VALUES ('1180201', '418000025');
INSERT INTO `StudentCurriculum` VALUES ('1180201', '418000026');
INSERT INTO `StudentCurriculum` VALUES ('1180201', '418000027');
INSERT INTO `StudentCurriculum` VALUES ('1180201', '418000028');
INSERT INTO `StudentCurriculum` VALUES ('1180202', '418000025');
INSERT INTO `StudentCurriculum` VALUES ('1180202', '418000026');
INSERT INTO `StudentCurriculum` VALUES ('1180202', '418000027');
INSERT INTO `StudentCurriculum` VALUES ('1180202', '418000028');
INSERT INTO `StudentCurriculum` VALUES ('1180203', '418000025');
INSERT INTO `StudentCurriculum` VALUES ('1180203', '418000026');
INSERT INTO `StudentCurriculum` VALUES ('1180203', '418000027');
INSERT INTO `StudentCurriculum` VALUES ('1180203', '418000028');
INSERT INTO `StudentCurriculum` VALUES ('1180204', '418000025');
INSERT INTO `StudentCurriculum` VALUES ('1180204', '418000026');
INSERT INTO `StudentCurriculum` VALUES ('1180204', '418000027');
INSERT INTO `StudentCurriculum` VALUES ('1180204', '418000028');
INSERT INTO `StudentCurriculum` VALUES ('1180205', '418000025');
INSERT INTO `StudentCurriculum` VALUES ('1180205', '418000026');
INSERT INTO `StudentCurriculum` VALUES ('1180205', '418000027');
INSERT INTO `StudentCurriculum` VALUES ('1180205', '418000028');
INSERT INTO `StudentCurriculum` VALUES ('1180206', '418000025');
INSERT INTO `StudentCurriculum` VALUES ('1180206', '418000026');
INSERT INTO `StudentCurriculum` VALUES ('1180206', '418000027');
INSERT INTO `StudentCurriculum` VALUES ('1180206', '418000028');
INSERT INTO `StudentCurriculum` VALUES ('1180207', '418000025');
INSERT INTO `StudentCurriculum` VALUES ('1180207', '418000026');
INSERT INTO `StudentCurriculum` VALUES ('1180207', '418000027');
INSERT INTO `StudentCurriculum` VALUES ('1180207', '418000028');
INSERT INTO `StudentCurriculum` VALUES ('1180208', '418000025');
INSERT INTO `StudentCurriculum` VALUES ('1180208', '418000026');
INSERT INTO `StudentCurriculum` VALUES ('1180208', '418000027');
INSERT INTO `StudentCurriculum` VALUES ('1180208', '418000028');
INSERT INTO `StudentCurriculum` VALUES ('1180209', '418000025');
INSERT INTO `StudentCurriculum` VALUES ('1180209', '418000026');
INSERT INTO `StudentCurriculum` VALUES ('1180209', '418000027');
INSERT INTO `StudentCurriculum` VALUES ('1180209', '418000028');
INSERT INTO `StudentCurriculum` VALUES ('1180210', '418000025');
INSERT INTO `StudentCurriculum` VALUES ('1180210', '418000026');
INSERT INTO `StudentCurriculum` VALUES ('1180210', '418000027');
INSERT INTO `StudentCurriculum` VALUES ('1180210', '418000028');
INSERT INTO `StudentCurriculum` VALUES ('1180211', '418000029');
INSERT INTO `StudentCurriculum` VALUES ('1180211', '418000030');
INSERT INTO `StudentCurriculum` VALUES ('1180211', '418000031');
INSERT INTO `StudentCurriculum` VALUES ('1180211', '418000032');
INSERT INTO `StudentCurriculum` VALUES ('1180212', '418000029');
INSERT INTO `StudentCurriculum` VALUES ('1180212', '418000030');
INSERT INTO `StudentCurriculum` VALUES ('1180212', '418000031');
INSERT INTO `StudentCurriculum` VALUES ('1180212', '418000032');
INSERT INTO `StudentCurriculum` VALUES ('1180213', '418000029');
INSERT INTO `StudentCurriculum` VALUES ('1180213', '418000030');
INSERT INTO `StudentCurriculum` VALUES ('1180213', '418000031');
INSERT INTO `StudentCurriculum` VALUES ('1180213', '418000032');
INSERT INTO `StudentCurriculum` VALUES ('1180214', '418000029');
INSERT INTO `StudentCurriculum` VALUES ('1180214', '418000030');
INSERT INTO `StudentCurriculum` VALUES ('1180214', '418000031');
INSERT INTO `StudentCurriculum` VALUES ('1180214', '418000032');
INSERT INTO `StudentCurriculum` VALUES ('1180215', '418000029');
INSERT INTO `StudentCurriculum` VALUES ('1180215', '418000030');
INSERT INTO `StudentCurriculum` VALUES ('1180215', '418000031');
INSERT INTO `StudentCurriculum` VALUES ('1180215', '418000032');
INSERT INTO `StudentCurriculum` VALUES ('1180216', '418000029');
INSERT INTO `StudentCurriculum` VALUES ('1180216', '418000030');
INSERT INTO `StudentCurriculum` VALUES ('1180216', '418000031');
INSERT INTO `StudentCurriculum` VALUES ('1180216', '418000032');
INSERT INTO `StudentCurriculum` VALUES ('1180217', '418000029');
INSERT INTO `StudentCurriculum` VALUES ('1180217', '418000030');
INSERT INTO `StudentCurriculum` VALUES ('1180217', '418000031');
INSERT INTO `StudentCurriculum` VALUES ('1180217', '418000032');
INSERT INTO `StudentCurriculum` VALUES ('1180218', '418000029');
INSERT INTO `StudentCurriculum` VALUES ('1180218', '418000030');
INSERT INTO `StudentCurriculum` VALUES ('1180218', '418000031');
INSERT INTO `StudentCurriculum` VALUES ('1180218', '418000032');
INSERT INTO `StudentCurriculum` VALUES ('1180219', '418000029');
INSERT INTO `StudentCurriculum` VALUES ('1180219', '418000030');
INSERT INTO `StudentCurriculum` VALUES ('1180219', '418000031');
INSERT INTO `StudentCurriculum` VALUES ('1180219', '418000032');
INSERT INTO `StudentCurriculum` VALUES ('1180220', '418000029');
INSERT INTO `StudentCurriculum` VALUES ('1180220', '418000030');
INSERT INTO `StudentCurriculum` VALUES ('1180220', '418000031');
INSERT INTO `StudentCurriculum` VALUES ('1180220', '418000032');
INSERT INTO `StudentCurriculum` VALUES ('1180221', '418000029');
INSERT INTO `StudentCurriculum` VALUES ('1180221', '418000030');
INSERT INTO `StudentCurriculum` VALUES ('1180221', '418000031');
INSERT INTO `StudentCurriculum` VALUES ('1180221', '418000032');
INSERT INTO `StudentCurriculum` VALUES ('1180222', '418000029');
INSERT INTO `StudentCurriculum` VALUES ('1180222', '418000030');
INSERT INTO `StudentCurriculum` VALUES ('1180222', '418000031');
INSERT INTO `StudentCurriculum` VALUES ('1180222', '418000032');
INSERT INTO `StudentCurriculum` VALUES ('1180223', '418000029');
INSERT INTO `StudentCurriculum` VALUES ('1180223', '418000030');
INSERT INTO `StudentCurriculum` VALUES ('1180223', '418000031');
INSERT INTO `StudentCurriculum` VALUES ('1180223', '418000032');
INSERT INTO `StudentCurriculum` VALUES ('1180224', '418000029');
INSERT INTO `StudentCurriculum` VALUES ('1180224', '418000030');
INSERT INTO `StudentCurriculum` VALUES ('1180224', '418000031');
INSERT INTO `StudentCurriculum` VALUES ('1180224', '418000032');
INSERT INTO `StudentCurriculum` VALUES ('1180225', '418000029');
INSERT INTO `StudentCurriculum` VALUES ('1180225', '418000030');
INSERT INTO `StudentCurriculum` VALUES ('1180225', '418000031');
INSERT INTO `StudentCurriculum` VALUES ('1180225', '418000032');
INSERT INTO `StudentCurriculum` VALUES ('1180226', '418000029');
INSERT INTO `StudentCurriculum` VALUES ('1180226', '418000030');
INSERT INTO `StudentCurriculum` VALUES ('1180226', '418000031');
INSERT INTO `StudentCurriculum` VALUES ('1180226', '418000032');
INSERT INTO `StudentCurriculum` VALUES ('1180227', '418000029');
INSERT INTO `StudentCurriculum` VALUES ('1180227', '418000030');
INSERT INTO `StudentCurriculum` VALUES ('1180227', '418000031');
INSERT INTO `StudentCurriculum` VALUES ('1180227', '418000032');
INSERT INTO `StudentCurriculum` VALUES ('1180228', '418000029');
INSERT INTO `StudentCurriculum` VALUES ('1180228', '418000030');
INSERT INTO `StudentCurriculum` VALUES ('1180228', '418000031');
INSERT INTO `StudentCurriculum` VALUES ('1180228', '418000032');
INSERT INTO `StudentCurriculum` VALUES ('1180229', '418000029');
INSERT INTO `StudentCurriculum` VALUES ('1180229', '418000030');
INSERT INTO `StudentCurriculum` VALUES ('1180229', '418000031');
INSERT INTO `StudentCurriculum` VALUES ('1180229', '418000032');
INSERT INTO `StudentCurriculum` VALUES ('1180230', '418000029');
INSERT INTO `StudentCurriculum` VALUES ('1180230', '418000030');
INSERT INTO `StudentCurriculum` VALUES ('1180230', '418000031');
INSERT INTO `StudentCurriculum` VALUES ('1180230', '418000032');
INSERT INTO `StudentCurriculum` VALUES ('1180231', '418000029');
INSERT INTO `StudentCurriculum` VALUES ('1180231', '418000030');
INSERT INTO `StudentCurriculum` VALUES ('1180231', '418000031');
INSERT INTO `StudentCurriculum` VALUES ('1180231', '418000032');
INSERT INTO `StudentCurriculum` VALUES ('1180232', '418000029');
INSERT INTO `StudentCurriculum` VALUES ('1180232', '418000030');
INSERT INTO `StudentCurriculum` VALUES ('1180232', '418000031');
INSERT INTO `StudentCurriculum` VALUES ('1180232', '418000032');
INSERT INTO `StudentCurriculum` VALUES ('1180233', '418000029');
INSERT INTO `StudentCurriculum` VALUES ('1180233', '418000030');
INSERT INTO `StudentCurriculum` VALUES ('1180233', '418000031');
INSERT INTO `StudentCurriculum` VALUES ('1180233', '418000032');
INSERT INTO `StudentCurriculum` VALUES ('1180234', '418000029');
INSERT INTO `StudentCurriculum` VALUES ('1180234', '418000030');
INSERT INTO `StudentCurriculum` VALUES ('1180234', '418000031');
INSERT INTO `StudentCurriculum` VALUES ('1180234', '418000032');
INSERT INTO `StudentCurriculum` VALUES ('1180235', '418000029');
INSERT INTO `StudentCurriculum` VALUES ('1180235', '418000030');
INSERT INTO `StudentCurriculum` VALUES ('1180235', '418000031');
INSERT INTO `StudentCurriculum` VALUES ('1180235', '418000032');
INSERT INTO `StudentCurriculum` VALUES ('1180236', '418000029');
INSERT INTO `StudentCurriculum` VALUES ('1180236', '418000030');
INSERT INTO `StudentCurriculum` VALUES ('1180236', '418000031');
INSERT INTO `StudentCurriculum` VALUES ('1180236', '418000032');
INSERT INTO `StudentCurriculum` VALUES ('1180237', '418000029');
INSERT INTO `StudentCurriculum` VALUES ('1180237', '418000030');
INSERT INTO `StudentCurriculum` VALUES ('1180237', '418000031');
INSERT INTO `StudentCurriculum` VALUES ('1180237', '418000032');
INSERT INTO `StudentCurriculum` VALUES ('1180238', '418000029');
INSERT INTO `StudentCurriculum` VALUES ('1180238', '418000030');
INSERT INTO `StudentCurriculum` VALUES ('1180238', '418000031');
INSERT INTO `StudentCurriculum` VALUES ('1180238', '418000032');
INSERT INTO `StudentCurriculum` VALUES ('1180239', '418000029');
INSERT INTO `StudentCurriculum` VALUES ('1180239', '418000030');
INSERT INTO `StudentCurriculum` VALUES ('1180239', '418000031');
INSERT INTO `StudentCurriculum` VALUES ('1180239', '418000032');
INSERT INTO `StudentCurriculum` VALUES ('1180240', '418000029');
INSERT INTO `StudentCurriculum` VALUES ('1180240', '418000030');
INSERT INTO `StudentCurriculum` VALUES ('1180240', '418000031');
INSERT INTO `StudentCurriculum` VALUES ('1180240', '418000032');

-- ----------------------------
-- Records of ExamInfo
-- ----------------------------
INSERT INTO `ExamInfo` VALUES ('418000001', '2021-01-06','10:00','12:00','1001','3180001');
INSERT INTO `ExamInfo` VALUES ('418000002', '2021-01-06','15:00','17:00','1002','3180001');
INSERT INTO `ExamInfo` VALUES ('418000003', '2021-01-07','10:00','12:00','1003','3180002');
INSERT INTO `ExamInfo` VALUES ('418000004', '2021-01-07','15:00','17:00','1004','3180002');
INSERT INTO `ExamInfo` VALUES ('418000005', '2021-01-09','10:00','12:00','1005','3180003');
INSERT INTO `ExamInfo` VALUES ('418000006', '2021-01-09','15:00','17:00','1006','3180003');
INSERT INTO `ExamInfo` VALUES ('418000007', '2021-01-10','10:00','12:00','1007','3180004');
INSERT INTO `ExamInfo` VALUES ('418000008', '2021-01-10','15:00','17:00','1008','3180004');
INSERT INTO `ExamInfo` VALUES ('418000009', '2021-01-06','10:00','12:00','1009','3180005');
INSERT INTO `ExamInfo` VALUES ('418000010', '2021-01-06','15:00','17:00','1010','3180005');
INSERT INTO `ExamInfo` VALUES ('418000011', '2021-01-07','10:00','12:00','1011','3180006');
INSERT INTO `ExamInfo` VALUES ('418000012', '2021-01-07','15:00','17:00','1012','3180006');
INSERT INTO `ExamInfo` VALUES ('418000013', '2021-01-09','10:00','12:00','1013','3180007');
INSERT INTO `ExamInfo` VALUES ('418000014', '2021-01-09','15:00','17:00','1014','3180007');
INSERT INTO `ExamInfo` VALUES ('418000015', '2021-01-10','10:00','12:00','1015','3180008');
INSERT INTO `ExamInfo` VALUES ('418000016', '2021-01-10','15:00','17:00','1016','3180008');
INSERT INTO `ExamInfo` VALUES ('418000017', '2021-01-06','10:00','12:00','1017','3180009');
INSERT INTO `ExamInfo` VALUES ('418000018', '2021-01-06','15:00','17:00','1018','3180009');
INSERT INTO `ExamInfo` VALUES ('418000019', '2021-01-07','10:00','12:00','1019','3180010');
INSERT INTO `ExamInfo` VALUES ('418000020', '2021-01-07','15:00','17:00','1020','3180010');
INSERT INTO `ExamInfo` VALUES ('418000021', '2021-01-09','10:00','12:00','1021','3180011');
INSERT INTO `ExamInfo` VALUES ('418000022', '2021-01-09','15:00','17:00','1022','3180011');
INSERT INTO `ExamInfo` VALUES ('418000023', '2021-01-10','10:00','12:00','1023','3180012');
INSERT INTO `ExamInfo` VALUES ('418000024', '2021-01-10','15:00','17:00','1024','3180012');
INSERT INTO `ExamInfo` VALUES ('418000025', '2021-01-06','10:00','12:00','1025','3180013');
INSERT INTO `ExamInfo` VALUES ('418000026', '2021-01-06','15:00','17:00','1026','3180013');
INSERT INTO `ExamInfo` VALUES ('418000027', '2021-01-07','10:00','12:00','1027','3180014');
INSERT INTO `ExamInfo` VALUES ('418000028', '2021-01-07','15:00','17:00','1028','3180014');
INSERT INTO `ExamInfo` VALUES ('418000029', '2021-01-09','10:00','12:00','1029','3180015');
INSERT INTO `ExamInfo` VALUES ('418000030', '2021-01-09','15:00','17:00','1030','3180015');
INSERT INTO `ExamInfo` VALUES ('418000031', '2021-01-10','10:00','12:00','1031','3180016');
INSERT INTO `ExamInfo` VALUES ('418000032', '2021-01-10','15:00','17:00','1032','3180016');

-- ----------------------------
-- Records of ScoreInfo
-- ----------------------------
INSERT INTO `ScoreInfo` VALUES ('418000001', '1180001','D');
INSERT INTO `ScoreInfo` VALUES ('418000002', '1180001','C');
INSERT INTO `ScoreInfo` VALUES ('418000003', '1180001','B');
INSERT INTO `ScoreInfo` VALUES ('418000004', '1180001','E');
INSERT INTO `ScoreInfo` VALUES ('418000001', '1180002','D');
INSERT INTO `ScoreInfo` VALUES ('418000002', '1180002','A');
INSERT INTO `ScoreInfo` VALUES ('418000003', '1180002','B');
INSERT INTO `ScoreInfo` VALUES ('418000004', '1180002','E');
INSERT INTO `ScoreInfo` VALUES ('418000001', '1180003','A');
INSERT INTO `ScoreInfo` VALUES ('418000002', '1180003','A');
INSERT INTO `ScoreInfo` VALUES ('418000003', '1180003','E');
INSERT INTO `ScoreInfo` VALUES ('418000004', '1180003','B');
INSERT INTO `ScoreInfo` VALUES ('418000001', '1180004','E');
INSERT INTO `ScoreInfo` VALUES ('418000002', '1180004','D');
INSERT INTO `ScoreInfo` VALUES ('418000003', '1180004','D');
INSERT INTO `ScoreInfo` VALUES ('418000004', '1180004','C');
INSERT INTO `ScoreInfo` VALUES ('418000001', '1180005','D');
INSERT INTO `ScoreInfo` VALUES ('418000002', '1180005','D');
INSERT INTO `ScoreInfo` VALUES ('418000003', '1180005','D');
INSERT INTO `ScoreInfo` VALUES ('418000004', '1180005','C');
INSERT INTO `ScoreInfo` VALUES ('418000001', '1180006','A');
INSERT INTO `ScoreInfo` VALUES ('418000002', '1180006','D');
INSERT INTO `ScoreInfo` VALUES ('418000003', '1180006','E');
INSERT INTO `ScoreInfo` VALUES ('418000004', '1180006','A');
INSERT INTO `ScoreInfo` VALUES ('418000001', '1180007','D');
INSERT INTO `ScoreInfo` VALUES ('418000002', '1180007','A');
INSERT INTO `ScoreInfo` VALUES ('418000003', '1180007','E');
INSERT INTO `ScoreInfo` VALUES ('418000004', '1180007','D');
INSERT INTO `ScoreInfo` VALUES ('418000001', '1180008','A');
INSERT INTO `ScoreInfo` VALUES ('418000002', '1180008','D');
INSERT INTO `ScoreInfo` VALUES ('418000003', '1180008','D');
INSERT INTO `ScoreInfo` VALUES ('418000004', '1180008','A');
INSERT INTO `ScoreInfo` VALUES ('418000001', '1180009','D');
INSERT INTO `ScoreInfo` VALUES ('418000002', '1180009','B');
INSERT INTO `ScoreInfo` VALUES ('418000003', '1180009','E');
INSERT INTO `ScoreInfo` VALUES ('418000004', '1180009','E');
INSERT INTO `ScoreInfo` VALUES ('418000001', '1180010','E');
INSERT INTO `ScoreInfo` VALUES ('418000002', '1180010','A');
INSERT INTO `ScoreInfo` VALUES ('418000003', '1180010','B');
INSERT INTO `ScoreInfo` VALUES ('418000004', '1180010','B');
INSERT INTO `ScoreInfo` VALUES ('418000001', '1180011','A');
INSERT INTO `ScoreInfo` VALUES ('418000002', '1180011','E');
INSERT INTO `ScoreInfo` VALUES ('418000003', '1180011','A');
INSERT INTO `ScoreInfo` VALUES ('418000004', '1180011','E');
INSERT INTO `ScoreInfo` VALUES ('418000001', '1180012','B');
INSERT INTO `ScoreInfo` VALUES ('418000002', '1180012','A');
INSERT INTO `ScoreInfo` VALUES ('418000003', '1180012','E');
INSERT INTO `ScoreInfo` VALUES ('418000004', '1180012','C');
INSERT INTO `ScoreInfo` VALUES ('418000001', '1180013','E');
INSERT INTO `ScoreInfo` VALUES ('418000002', '1180013','C');
INSERT INTO `ScoreInfo` VALUES ('418000003', '1180013','E');
INSERT INTO `ScoreInfo` VALUES ('418000004', '1180013','C');
INSERT INTO `ScoreInfo` VALUES ('418000001', '1180014','E');
INSERT INTO `ScoreInfo` VALUES ('418000002', '1180014','A');
INSERT INTO `ScoreInfo` VALUES ('418000003', '1180014','A');
INSERT INTO `ScoreInfo` VALUES ('418000004', '1180014','E');
INSERT INTO `ScoreInfo` VALUES ('418000001', '1180015','B');
INSERT INTO `ScoreInfo` VALUES ('418000002', '1180015','C');
INSERT INTO `ScoreInfo` VALUES ('418000003', '1180015','C');
INSERT INTO `ScoreInfo` VALUES ('418000004', '1180015','A');
INSERT INTO `ScoreInfo` VALUES ('418000001', '1180016','B');
INSERT INTO `ScoreInfo` VALUES ('418000002', '1180016','D');
INSERT INTO `ScoreInfo` VALUES ('418000003', '1180016','E');
INSERT INTO `ScoreInfo` VALUES ('418000004', '1180016','D');
INSERT INTO `ScoreInfo` VALUES ('418000001', '1180017','C');
INSERT INTO `ScoreInfo` VALUES ('418000002', '1180017','C');
INSERT INTO `ScoreInfo` VALUES ('418000003', '1180017','E');
INSERT INTO `ScoreInfo` VALUES ('418000004', '1180017','C');
INSERT INTO `ScoreInfo` VALUES ('418000001', '1180018','B');
INSERT INTO `ScoreInfo` VALUES ('418000002', '1180018','D');
INSERT INTO `ScoreInfo` VALUES ('418000003', '1180018','C');
INSERT INTO `ScoreInfo` VALUES ('418000004', '1180018','E');
INSERT INTO `ScoreInfo` VALUES ('418000001', '1180019','A');
INSERT INTO `ScoreInfo` VALUES ('418000002', '1180019','E');
INSERT INTO `ScoreInfo` VALUES ('418000003', '1180019','E');
INSERT INTO `ScoreInfo` VALUES ('418000004', '1180019','A');
INSERT INTO `ScoreInfo` VALUES ('418000001', '1180020','E');
INSERT INTO `ScoreInfo` VALUES ('418000002', '1180020','E');
INSERT INTO `ScoreInfo` VALUES ('418000003', '1180020','E');
INSERT INTO `ScoreInfo` VALUES ('418000004', '1180020','E');
INSERT INTO `ScoreInfo` VALUES ('418000001', '1180021','E');
INSERT INTO `ScoreInfo` VALUES ('418000002', '1180021','C');
INSERT INTO `ScoreInfo` VALUES ('418000003', '1180021','A');
INSERT INTO `ScoreInfo` VALUES ('418000004', '1180021','C');
INSERT INTO `ScoreInfo` VALUES ('418000001', '1180022','C');
INSERT INTO `ScoreInfo` VALUES ('418000002', '1180022','D');
INSERT INTO `ScoreInfo` VALUES ('418000003', '1180022','D');
INSERT INTO `ScoreInfo` VALUES ('418000004', '1180022','B');
INSERT INTO `ScoreInfo` VALUES ('418000001', '1180023','A');
INSERT INTO `ScoreInfo` VALUES ('418000002', '1180023','C');
INSERT INTO `ScoreInfo` VALUES ('418000003', '1180023','B');
INSERT INTO `ScoreInfo` VALUES ('418000004', '1180023','D');
INSERT INTO `ScoreInfo` VALUES ('418000001', '1180024','D');
INSERT INTO `ScoreInfo` VALUES ('418000002', '1180024','B');
INSERT INTO `ScoreInfo` VALUES ('418000003', '1180024','D');
INSERT INTO `ScoreInfo` VALUES ('418000004', '1180024','B');
INSERT INTO `ScoreInfo` VALUES ('418000001', '1180025','B');
INSERT INTO `ScoreInfo` VALUES ('418000002', '1180025','C');
INSERT INTO `ScoreInfo` VALUES ('418000003', '1180025','E');
INSERT INTO `ScoreInfo` VALUES ('418000004', '1180025','D');
INSERT INTO `ScoreInfo` VALUES ('418000001', '1180026','D');
INSERT INTO `ScoreInfo` VALUES ('418000002', '1180026','E');
INSERT INTO `ScoreInfo` VALUES ('418000003', '1180026','B');
INSERT INTO `ScoreInfo` VALUES ('418000004', '1180026','E');
INSERT INTO `ScoreInfo` VALUES ('418000001', '1180027','E');
INSERT INTO `ScoreInfo` VALUES ('418000002', '1180027','E');
INSERT INTO `ScoreInfo` VALUES ('418000003', '1180027','E');
INSERT INTO `ScoreInfo` VALUES ('418000004', '1180027','C');
INSERT INTO `ScoreInfo` VALUES ('418000001', '1180028','E');
INSERT INTO `ScoreInfo` VALUES ('418000002', '1180028','B');
INSERT INTO `ScoreInfo` VALUES ('418000003', '1180028','B');
INSERT INTO `ScoreInfo` VALUES ('418000004', '1180028','E');
INSERT INTO `ScoreInfo` VALUES ('418000001', '1180029','D');
INSERT INTO `ScoreInfo` VALUES ('418000002', '1180029','B');
INSERT INTO `ScoreInfo` VALUES ('418000003', '1180029','A');
INSERT INTO `ScoreInfo` VALUES ('418000004', '1180029','B');
INSERT INTO `ScoreInfo` VALUES ('418000001', '1180030','A');
INSERT INTO `ScoreInfo` VALUES ('418000002', '1180030','D');
INSERT INTO `ScoreInfo` VALUES ('418000003', '1180030','C');
INSERT INTO `ScoreInfo` VALUES ('418000004', '1180030','B');
INSERT INTO `ScoreInfo` VALUES ('418000005', '1180031','B');
INSERT INTO `ScoreInfo` VALUES ('418000006', '1180031','B');
INSERT INTO `ScoreInfo` VALUES ('418000007', '1180031','B');
INSERT INTO `ScoreInfo` VALUES ('418000008', '1180031','A');
INSERT INTO `ScoreInfo` VALUES ('418000005', '1180032','A');
INSERT INTO `ScoreInfo` VALUES ('418000006', '1180032','D');
INSERT INTO `ScoreInfo` VALUES ('418000007', '1180032','D');
INSERT INTO `ScoreInfo` VALUES ('418000008', '1180032','E');
INSERT INTO `ScoreInfo` VALUES ('418000005', '1180033','D');
INSERT INTO `ScoreInfo` VALUES ('418000006', '1180033','E');
INSERT INTO `ScoreInfo` VALUES ('418000007', '1180033','B');
INSERT INTO `ScoreInfo` VALUES ('418000008', '1180033','C');
INSERT INTO `ScoreInfo` VALUES ('418000005', '1180034','E');
INSERT INTO `ScoreInfo` VALUES ('418000006', '1180034','C');
INSERT INTO `ScoreInfo` VALUES ('418000007', '1180034','C');
INSERT INTO `ScoreInfo` VALUES ('418000008', '1180034','B');
INSERT INTO `ScoreInfo` VALUES ('418000005', '1180035','E');
INSERT INTO `ScoreInfo` VALUES ('418000006', '1180035','C');
INSERT INTO `ScoreInfo` VALUES ('418000007', '1180035','E');
INSERT INTO `ScoreInfo` VALUES ('418000008', '1180035','E');
INSERT INTO `ScoreInfo` VALUES ('418000005', '1180036','B');
INSERT INTO `ScoreInfo` VALUES ('418000006', '1180036','E');
INSERT INTO `ScoreInfo` VALUES ('418000007', '1180036','E');
INSERT INTO `ScoreInfo` VALUES ('418000008', '1180036','C');
INSERT INTO `ScoreInfo` VALUES ('418000005', '1180037','E');
INSERT INTO `ScoreInfo` VALUES ('418000006', '1180037','D');
INSERT INTO `ScoreInfo` VALUES ('418000007', '1180037','C');
INSERT INTO `ScoreInfo` VALUES ('418000008', '1180037','C');
INSERT INTO `ScoreInfo` VALUES ('418000005', '1180038','E');
INSERT INTO `ScoreInfo` VALUES ('418000006', '1180038','C');
INSERT INTO `ScoreInfo` VALUES ('418000007', '1180038','A');
INSERT INTO `ScoreInfo` VALUES ('418000008', '1180038','B');
INSERT INTO `ScoreInfo` VALUES ('418000005', '1180039','A');
INSERT INTO `ScoreInfo` VALUES ('418000006', '1180039','D');
INSERT INTO `ScoreInfo` VALUES ('418000007', '1180039','B');
INSERT INTO `ScoreInfo` VALUES ('418000008', '1180039','D');
INSERT INTO `ScoreInfo` VALUES ('418000005', '1180040','E');
INSERT INTO `ScoreInfo` VALUES ('418000006', '1180040','A');
INSERT INTO `ScoreInfo` VALUES ('418000007', '1180040','B');
INSERT INTO `ScoreInfo` VALUES ('418000008', '1180040','A');
INSERT INTO `ScoreInfo` VALUES ('418000005', '1180041','B');
INSERT INTO `ScoreInfo` VALUES ('418000006', '1180041','B');
INSERT INTO `ScoreInfo` VALUES ('418000007', '1180041','C');
INSERT INTO `ScoreInfo` VALUES ('418000008', '1180041','B');
INSERT INTO `ScoreInfo` VALUES ('418000005', '1180042','C');
INSERT INTO `ScoreInfo` VALUES ('418000006', '1180042','C');
INSERT INTO `ScoreInfo` VALUES ('418000007', '1180042','B');
INSERT INTO `ScoreInfo` VALUES ('418000008', '1180042','D');
INSERT INTO `ScoreInfo` VALUES ('418000005', '1180043','E');
INSERT INTO `ScoreInfo` VALUES ('418000006', '1180043','D');
INSERT INTO `ScoreInfo` VALUES ('418000007', '1180043','B');
INSERT INTO `ScoreInfo` VALUES ('418000008', '1180043','E');
INSERT INTO `ScoreInfo` VALUES ('418000005', '1180044','B');
INSERT INTO `ScoreInfo` VALUES ('418000006', '1180044','A');
INSERT INTO `ScoreInfo` VALUES ('418000007', '1180044','A');
INSERT INTO `ScoreInfo` VALUES ('418000008', '1180044','B');
INSERT INTO `ScoreInfo` VALUES ('418000005', '1180045','D');
INSERT INTO `ScoreInfo` VALUES ('418000006', '1180045','C');
INSERT INTO `ScoreInfo` VALUES ('418000007', '1180045','E');
INSERT INTO `ScoreInfo` VALUES ('418000008', '1180045','E');
INSERT INTO `ScoreInfo` VALUES ('418000005', '1180046','C');
INSERT INTO `ScoreInfo` VALUES ('418000006', '1180046','D');
INSERT INTO `ScoreInfo` VALUES ('418000007', '1180046','E');
INSERT INTO `ScoreInfo` VALUES ('418000008', '1180046','B');
INSERT INTO `ScoreInfo` VALUES ('418000005', '1180047','C');
INSERT INTO `ScoreInfo` VALUES ('418000006', '1180047','D');
INSERT INTO `ScoreInfo` VALUES ('418000007', '1180047','B');
INSERT INTO `ScoreInfo` VALUES ('418000008', '1180047','E');
INSERT INTO `ScoreInfo` VALUES ('418000005', '1180048','B');
INSERT INTO `ScoreInfo` VALUES ('418000006', '1180048','D');
INSERT INTO `ScoreInfo` VALUES ('418000007', '1180048','B');
INSERT INTO `ScoreInfo` VALUES ('418000008', '1180048','E');
INSERT INTO `ScoreInfo` VALUES ('418000005', '1180049','C');
INSERT INTO `ScoreInfo` VALUES ('418000006', '1180049','A');
INSERT INTO `ScoreInfo` VALUES ('418000007', '1180049','A');
INSERT INTO `ScoreInfo` VALUES ('418000008', '1180049','E');
INSERT INTO `ScoreInfo` VALUES ('418000005', '1180050','A');
INSERT INTO `ScoreInfo` VALUES ('418000006', '1180050','D');
INSERT INTO `ScoreInfo` VALUES ('418000007', '1180050','A');
INSERT INTO `ScoreInfo` VALUES ('418000008', '1180050','C');
INSERT INTO `ScoreInfo` VALUES ('418000005', '1180051','E');
INSERT INTO `ScoreInfo` VALUES ('418000006', '1180051','E');
INSERT INTO `ScoreInfo` VALUES ('418000007', '1180051','A');
INSERT INTO `ScoreInfo` VALUES ('418000008', '1180051','C');
INSERT INTO `ScoreInfo` VALUES ('418000005', '1180052','D');
INSERT INTO `ScoreInfo` VALUES ('418000006', '1180052','D');
INSERT INTO `ScoreInfo` VALUES ('418000007', '1180052','C');
INSERT INTO `ScoreInfo` VALUES ('418000008', '1180052','B');
INSERT INTO `ScoreInfo` VALUES ('418000005', '1180053','C');
INSERT INTO `ScoreInfo` VALUES ('418000006', '1180053','E');
INSERT INTO `ScoreInfo` VALUES ('418000007', '1180053','E');
INSERT INTO `ScoreInfo` VALUES ('418000008', '1180053','C');
INSERT INTO `ScoreInfo` VALUES ('418000005', '1180054','E');
INSERT INTO `ScoreInfo` VALUES ('418000006', '1180054','C');
INSERT INTO `ScoreInfo` VALUES ('418000007', '1180054','E');
INSERT INTO `ScoreInfo` VALUES ('418000008', '1180054','A');
INSERT INTO `ScoreInfo` VALUES ('418000005', '1180055','B');
INSERT INTO `ScoreInfo` VALUES ('418000006', '1180055','E');
INSERT INTO `ScoreInfo` VALUES ('418000007', '1180055','D');
INSERT INTO `ScoreInfo` VALUES ('418000008', '1180055','A');
INSERT INTO `ScoreInfo` VALUES ('418000005', '1180056','E');
INSERT INTO `ScoreInfo` VALUES ('418000006', '1180056','E');
INSERT INTO `ScoreInfo` VALUES ('418000007', '1180056','B');
INSERT INTO `ScoreInfo` VALUES ('418000008', '1180056','D');
INSERT INTO `ScoreInfo` VALUES ('418000005', '1180057','E');
INSERT INTO `ScoreInfo` VALUES ('418000006', '1180057','E');
INSERT INTO `ScoreInfo` VALUES ('418000007', '1180057','C');
INSERT INTO `ScoreInfo` VALUES ('418000008', '1180057','B');
INSERT INTO `ScoreInfo` VALUES ('418000005', '1180058','A');
INSERT INTO `ScoreInfo` VALUES ('418000006', '1180058','B');
INSERT INTO `ScoreInfo` VALUES ('418000007', '1180058','A');
INSERT INTO `ScoreInfo` VALUES ('418000008', '1180058','A');
INSERT INTO `ScoreInfo` VALUES ('418000005', '1180059','A');
INSERT INTO `ScoreInfo` VALUES ('418000006', '1180059','D');
INSERT INTO `ScoreInfo` VALUES ('418000007', '1180059','A');
INSERT INTO `ScoreInfo` VALUES ('418000008', '1180059','B');
INSERT INTO `ScoreInfo` VALUES ('418000005', '1180060','D');
INSERT INTO `ScoreInfo` VALUES ('418000006', '1180060','A');
INSERT INTO `ScoreInfo` VALUES ('418000007', '1180060','B');
INSERT INTO `ScoreInfo` VALUES ('418000008', '1180060','C');
INSERT INTO `ScoreInfo` VALUES ('418000009', '1180061','C');
INSERT INTO `ScoreInfo` VALUES ('418000010', '1180061','B');
INSERT INTO `ScoreInfo` VALUES ('418000011', '1180061','B');
INSERT INTO `ScoreInfo` VALUES ('418000012', '1180061','C');
INSERT INTO `ScoreInfo` VALUES ('418000009', '1180062','B');
INSERT INTO `ScoreInfo` VALUES ('418000010', '1180062','D');
INSERT INTO `ScoreInfo` VALUES ('418000011', '1180062','C');
INSERT INTO `ScoreInfo` VALUES ('418000012', '1180062','E');
INSERT INTO `ScoreInfo` VALUES ('418000009', '1180063','D');
INSERT INTO `ScoreInfo` VALUES ('418000010', '1180063','C');
INSERT INTO `ScoreInfo` VALUES ('418000011', '1180063','B');
INSERT INTO `ScoreInfo` VALUES ('418000012', '1180063','C');
INSERT INTO `ScoreInfo` VALUES ('418000009', '1180064','D');
INSERT INTO `ScoreInfo` VALUES ('418000010', '1180064','B');
INSERT INTO `ScoreInfo` VALUES ('418000011', '1180064','A');
INSERT INTO `ScoreInfo` VALUES ('418000012', '1180064','B');
INSERT INTO `ScoreInfo` VALUES ('418000009', '1180065','D');
INSERT INTO `ScoreInfo` VALUES ('418000010', '1180065','A');
INSERT INTO `ScoreInfo` VALUES ('418000011', '1180065','B');
INSERT INTO `ScoreInfo` VALUES ('418000012', '1180065','C');
INSERT INTO `ScoreInfo` VALUES ('418000009', '1180066','B');
INSERT INTO `ScoreInfo` VALUES ('418000010', '1180066','C');
INSERT INTO `ScoreInfo` VALUES ('418000011', '1180066','B');
INSERT INTO `ScoreInfo` VALUES ('418000012', '1180066','A');
INSERT INTO `ScoreInfo` VALUES ('418000009', '1180067','B');
INSERT INTO `ScoreInfo` VALUES ('418000010', '1180067','B');
INSERT INTO `ScoreInfo` VALUES ('418000011', '1180067','B');
INSERT INTO `ScoreInfo` VALUES ('418000012', '1180067','E');
INSERT INTO `ScoreInfo` VALUES ('418000009', '1180068','C');
INSERT INTO `ScoreInfo` VALUES ('418000010', '1180068','D');
INSERT INTO `ScoreInfo` VALUES ('418000011', '1180068','A');
INSERT INTO `ScoreInfo` VALUES ('418000012', '1180068','C');
INSERT INTO `ScoreInfo` VALUES ('418000009', '1180069','C');
INSERT INTO `ScoreInfo` VALUES ('418000010', '1180069','C');
INSERT INTO `ScoreInfo` VALUES ('418000011', '1180069','B');
INSERT INTO `ScoreInfo` VALUES ('418000012', '1180069','D');
INSERT INTO `ScoreInfo` VALUES ('418000009', '1180070','B');
INSERT INTO `ScoreInfo` VALUES ('418000010', '1180070','C');
INSERT INTO `ScoreInfo` VALUES ('418000011', '1180070','B');
INSERT INTO `ScoreInfo` VALUES ('418000012', '1180070','A');
INSERT INTO `ScoreInfo` VALUES ('418000009', '1180071','D');
INSERT INTO `ScoreInfo` VALUES ('418000010', '1180071','A');
INSERT INTO `ScoreInfo` VALUES ('418000011', '1180071','A');
INSERT INTO `ScoreInfo` VALUES ('418000012', '1180071','C');
INSERT INTO `ScoreInfo` VALUES ('418000009', '1180072','A');
INSERT INTO `ScoreInfo` VALUES ('418000010', '1180072','D');
INSERT INTO `ScoreInfo` VALUES ('418000011', '1180072','C');
INSERT INTO `ScoreInfo` VALUES ('418000012', '1180072','B');
INSERT INTO `ScoreInfo` VALUES ('418000009', '1180073','D');
INSERT INTO `ScoreInfo` VALUES ('418000010', '1180073','A');
INSERT INTO `ScoreInfo` VALUES ('418000011', '1180073','D');
INSERT INTO `ScoreInfo` VALUES ('418000012', '1180073','A');
INSERT INTO `ScoreInfo` VALUES ('418000009', '1180074','C');
INSERT INTO `ScoreInfo` VALUES ('418000010', '1180074','E');
INSERT INTO `ScoreInfo` VALUES ('418000011', '1180074','B');
INSERT INTO `ScoreInfo` VALUES ('418000012', '1180074','B');
INSERT INTO `ScoreInfo` VALUES ('418000009', '1180075','A');
INSERT INTO `ScoreInfo` VALUES ('418000010', '1180075','B');
INSERT INTO `ScoreInfo` VALUES ('418000011', '1180075','E');
INSERT INTO `ScoreInfo` VALUES ('418000012', '1180075','B');
INSERT INTO `ScoreInfo` VALUES ('418000009', '1180076','B');
INSERT INTO `ScoreInfo` VALUES ('418000010', '1180076','D');
INSERT INTO `ScoreInfo` VALUES ('418000011', '1180076','C');
INSERT INTO `ScoreInfo` VALUES ('418000012', '1180076','A');
INSERT INTO `ScoreInfo` VALUES ('418000009', '1180077','E');
INSERT INTO `ScoreInfo` VALUES ('418000010', '1180077','E');
INSERT INTO `ScoreInfo` VALUES ('418000011', '1180077','D');
INSERT INTO `ScoreInfo` VALUES ('418000012', '1180077','D');
INSERT INTO `ScoreInfo` VALUES ('418000009', '1180078','E');
INSERT INTO `ScoreInfo` VALUES ('418000010', '1180078','D');
INSERT INTO `ScoreInfo` VALUES ('418000011', '1180078','C');
INSERT INTO `ScoreInfo` VALUES ('418000012', '1180078','B');
INSERT INTO `ScoreInfo` VALUES ('418000009', '1180079','C');
INSERT INTO `ScoreInfo` VALUES ('418000010', '1180079','E');
INSERT INTO `ScoreInfo` VALUES ('418000011', '1180079','D');
INSERT INTO `ScoreInfo` VALUES ('418000012', '1180079','E');
INSERT INTO `ScoreInfo` VALUES ('418000009', '1180080','D');
INSERT INTO `ScoreInfo` VALUES ('418000010', '1180080','D');
INSERT INTO `ScoreInfo` VALUES ('418000011', '1180080','B');
INSERT INTO `ScoreInfo` VALUES ('418000012', '1180080','D');
INSERT INTO `ScoreInfo` VALUES ('418000009', '1180081','E');
INSERT INTO `ScoreInfo` VALUES ('418000010', '1180081','D');
INSERT INTO `ScoreInfo` VALUES ('418000011', '1180081','D');
INSERT INTO `ScoreInfo` VALUES ('418000012', '1180081','C');
INSERT INTO `ScoreInfo` VALUES ('418000009', '1180082','A');
INSERT INTO `ScoreInfo` VALUES ('418000010', '1180082','E');
INSERT INTO `ScoreInfo` VALUES ('418000011', '1180082','D');
INSERT INTO `ScoreInfo` VALUES ('418000012', '1180082','A');
INSERT INTO `ScoreInfo` VALUES ('418000009', '1180083','C');
INSERT INTO `ScoreInfo` VALUES ('418000010', '1180083','A');
INSERT INTO `ScoreInfo` VALUES ('418000011', '1180083','C');
INSERT INTO `ScoreInfo` VALUES ('418000012', '1180083','A');
INSERT INTO `ScoreInfo` VALUES ('418000009', '1180084','A');
INSERT INTO `ScoreInfo` VALUES ('418000010', '1180084','C');
INSERT INTO `ScoreInfo` VALUES ('418000011', '1180084','B');
INSERT INTO `ScoreInfo` VALUES ('418000012', '1180084','E');
INSERT INTO `ScoreInfo` VALUES ('418000009', '1180085','E');
INSERT INTO `ScoreInfo` VALUES ('418000010', '1180085','D');
INSERT INTO `ScoreInfo` VALUES ('418000011', '1180085','A');
INSERT INTO `ScoreInfo` VALUES ('418000012', '1180085','C');
INSERT INTO `ScoreInfo` VALUES ('418000009', '1180086','D');
INSERT INTO `ScoreInfo` VALUES ('418000010', '1180086','E');
INSERT INTO `ScoreInfo` VALUES ('418000011', '1180086','B');
INSERT INTO `ScoreInfo` VALUES ('418000012', '1180086','D');
INSERT INTO `ScoreInfo` VALUES ('418000009', '1180087','B');
INSERT INTO `ScoreInfo` VALUES ('418000010', '1180087','A');
INSERT INTO `ScoreInfo` VALUES ('418000011', '1180087','A');
INSERT INTO `ScoreInfo` VALUES ('418000012', '1180087','B');
INSERT INTO `ScoreInfo` VALUES ('418000009', '1180088','D');
INSERT INTO `ScoreInfo` VALUES ('418000010', '1180088','C');
INSERT INTO `ScoreInfo` VALUES ('418000011', '1180088','D');
INSERT INTO `ScoreInfo` VALUES ('418000012', '1180088','C');
INSERT INTO `ScoreInfo` VALUES ('418000009', '1180089','E');
INSERT INTO `ScoreInfo` VALUES ('418000010', '1180089','D');
INSERT INTO `ScoreInfo` VALUES ('418000011', '1180089','E');
INSERT INTO `ScoreInfo` VALUES ('418000012', '1180089','C');
INSERT INTO `ScoreInfo` VALUES ('418000009', '1180090','D');
INSERT INTO `ScoreInfo` VALUES ('418000010', '1180090','D');
INSERT INTO `ScoreInfo` VALUES ('418000011', '1180090','E');
INSERT INTO `ScoreInfo` VALUES ('418000012', '1180090','A');
INSERT INTO `ScoreInfo` VALUES ('418000013', '1180091','B');
INSERT INTO `ScoreInfo` VALUES ('418000014', '1180091','C');
INSERT INTO `ScoreInfo` VALUES ('418000015', '1180091','B');
INSERT INTO `ScoreInfo` VALUES ('418000016', '1180091','C');
INSERT INTO `ScoreInfo` VALUES ('418000013', '1180092','B');
INSERT INTO `ScoreInfo` VALUES ('418000014', '1180092','D');
INSERT INTO `ScoreInfo` VALUES ('418000015', '1180092','E');
INSERT INTO `ScoreInfo` VALUES ('418000016', '1180092','C');
INSERT INTO `ScoreInfo` VALUES ('418000013', '1180093','E');
INSERT INTO `ScoreInfo` VALUES ('418000014', '1180093','A');
INSERT INTO `ScoreInfo` VALUES ('418000015', '1180093','E');
INSERT INTO `ScoreInfo` VALUES ('418000016', '1180093','D');
INSERT INTO `ScoreInfo` VALUES ('418000013', '1180094','D');
INSERT INTO `ScoreInfo` VALUES ('418000014', '1180094','E');
INSERT INTO `ScoreInfo` VALUES ('418000015', '1180094','A');
INSERT INTO `ScoreInfo` VALUES ('418000016', '1180094','C');
INSERT INTO `ScoreInfo` VALUES ('418000013', '1180095','E');
INSERT INTO `ScoreInfo` VALUES ('418000014', '1180095','C');
INSERT INTO `ScoreInfo` VALUES ('418000015', '1180095','E');
INSERT INTO `ScoreInfo` VALUES ('418000016', '1180095','E');
INSERT INTO `ScoreInfo` VALUES ('418000013', '1180096','B');
INSERT INTO `ScoreInfo` VALUES ('418000014', '1180096','A');
INSERT INTO `ScoreInfo` VALUES ('418000015', '1180096','C');
INSERT INTO `ScoreInfo` VALUES ('418000016', '1180096','C');
INSERT INTO `ScoreInfo` VALUES ('418000013', '1180097','D');
INSERT INTO `ScoreInfo` VALUES ('418000014', '1180097','B');
INSERT INTO `ScoreInfo` VALUES ('418000015', '1180097','C');
INSERT INTO `ScoreInfo` VALUES ('418000016', '1180097','A');
INSERT INTO `ScoreInfo` VALUES ('418000013', '1180098','A');
INSERT INTO `ScoreInfo` VALUES ('418000014', '1180098','C');
INSERT INTO `ScoreInfo` VALUES ('418000015', '1180098','A');
INSERT INTO `ScoreInfo` VALUES ('418000016', '1180098','A');
INSERT INTO `ScoreInfo` VALUES ('418000013', '1180099','A');
INSERT INTO `ScoreInfo` VALUES ('418000014', '1180099','A');
INSERT INTO `ScoreInfo` VALUES ('418000015', '1180099','B');
INSERT INTO `ScoreInfo` VALUES ('418000016', '1180099','A');
INSERT INTO `ScoreInfo` VALUES ('418000013', '1180100','A');
INSERT INTO `ScoreInfo` VALUES ('418000014', '1180100','E');
INSERT INTO `ScoreInfo` VALUES ('418000015', '1180100','D');
INSERT INTO `ScoreInfo` VALUES ('418000016', '1180100','A');
INSERT INTO `ScoreInfo` VALUES ('418000013', '1180101','C');
INSERT INTO `ScoreInfo` VALUES ('418000014', '1180101','C');
INSERT INTO `ScoreInfo` VALUES ('418000015', '1180101','D');
INSERT INTO `ScoreInfo` VALUES ('418000016', '1180101','A');
INSERT INTO `ScoreInfo` VALUES ('418000013', '1180102','E');
INSERT INTO `ScoreInfo` VALUES ('418000014', '1180102','E');
INSERT INTO `ScoreInfo` VALUES ('418000015', '1180102','B');
INSERT INTO `ScoreInfo` VALUES ('418000016', '1180102','B');
INSERT INTO `ScoreInfo` VALUES ('418000013', '1180103','A');
INSERT INTO `ScoreInfo` VALUES ('418000014', '1180103','C');
INSERT INTO `ScoreInfo` VALUES ('418000015', '1180103','B');
INSERT INTO `ScoreInfo` VALUES ('418000016', '1180103','E');
INSERT INTO `ScoreInfo` VALUES ('418000013', '1180104','E');
INSERT INTO `ScoreInfo` VALUES ('418000014', '1180104','E');
INSERT INTO `ScoreInfo` VALUES ('418000015', '1180104','B');
INSERT INTO `ScoreInfo` VALUES ('418000016', '1180104','D');
INSERT INTO `ScoreInfo` VALUES ('418000013', '1180105','B');
INSERT INTO `ScoreInfo` VALUES ('418000014', '1180105','C');
INSERT INTO `ScoreInfo` VALUES ('418000015', '1180105','E');
INSERT INTO `ScoreInfo` VALUES ('418000016', '1180105','D');
INSERT INTO `ScoreInfo` VALUES ('418000013', '1180106','B');
INSERT INTO `ScoreInfo` VALUES ('418000014', '1180106','D');
INSERT INTO `ScoreInfo` VALUES ('418000015', '1180106','B');
INSERT INTO `ScoreInfo` VALUES ('418000016', '1180106','B');
INSERT INTO `ScoreInfo` VALUES ('418000013', '1180107','B');
INSERT INTO `ScoreInfo` VALUES ('418000014', '1180107','B');
INSERT INTO `ScoreInfo` VALUES ('418000015', '1180107','A');
INSERT INTO `ScoreInfo` VALUES ('418000016', '1180107','B');
INSERT INTO `ScoreInfo` VALUES ('418000013', '1180108','D');
INSERT INTO `ScoreInfo` VALUES ('418000014', '1180108','E');
INSERT INTO `ScoreInfo` VALUES ('418000015', '1180108','C');
INSERT INTO `ScoreInfo` VALUES ('418000016', '1180108','C');
INSERT INTO `ScoreInfo` VALUES ('418000013', '1180109','D');
INSERT INTO `ScoreInfo` VALUES ('418000014', '1180109','E');
INSERT INTO `ScoreInfo` VALUES ('418000015', '1180109','B');
INSERT INTO `ScoreInfo` VALUES ('418000016', '1180109','A');
INSERT INTO `ScoreInfo` VALUES ('418000013', '1180110','A');
INSERT INTO `ScoreInfo` VALUES ('418000014', '1180110','A');
INSERT INTO `ScoreInfo` VALUES ('418000015', '1180110','B');
INSERT INTO `ScoreInfo` VALUES ('418000016', '1180110','B');
INSERT INTO `ScoreInfo` VALUES ('418000013', '1180111','B');
INSERT INTO `ScoreInfo` VALUES ('418000014', '1180111','E');
INSERT INTO `ScoreInfo` VALUES ('418000015', '1180111','B');
INSERT INTO `ScoreInfo` VALUES ('418000016', '1180111','C');
INSERT INTO `ScoreInfo` VALUES ('418000013', '1180112','D');
INSERT INTO `ScoreInfo` VALUES ('418000014', '1180112','E');
INSERT INTO `ScoreInfo` VALUES ('418000015', '1180112','C');
INSERT INTO `ScoreInfo` VALUES ('418000016', '1180112','D');
INSERT INTO `ScoreInfo` VALUES ('418000013', '1180113','B');
INSERT INTO `ScoreInfo` VALUES ('418000014', '1180113','D');
INSERT INTO `ScoreInfo` VALUES ('418000015', '1180113','A');
INSERT INTO `ScoreInfo` VALUES ('418000016', '1180113','D');
INSERT INTO `ScoreInfo` VALUES ('418000013', '1180114','C');
INSERT INTO `ScoreInfo` VALUES ('418000014', '1180114','A');
INSERT INTO `ScoreInfo` VALUES ('418000015', '1180114','C');
INSERT INTO `ScoreInfo` VALUES ('418000016', '1180114','E');
INSERT INTO `ScoreInfo` VALUES ('418000013', '1180115','E');
INSERT INTO `ScoreInfo` VALUES ('418000014', '1180115','B');
INSERT INTO `ScoreInfo` VALUES ('418000015', '1180115','B');
INSERT INTO `ScoreInfo` VALUES ('418000016', '1180115','A');
INSERT INTO `ScoreInfo` VALUES ('418000013', '1180116','A');
INSERT INTO `ScoreInfo` VALUES ('418000014', '1180116','D');
INSERT INTO `ScoreInfo` VALUES ('418000015', '1180116','B');
INSERT INTO `ScoreInfo` VALUES ('418000016', '1180116','A');
INSERT INTO `ScoreInfo` VALUES ('418000013', '1180117','D');
INSERT INTO `ScoreInfo` VALUES ('418000014', '1180117','A');
INSERT INTO `ScoreInfo` VALUES ('418000015', '1180117','A');
INSERT INTO `ScoreInfo` VALUES ('418000016', '1180117','D');
INSERT INTO `ScoreInfo` VALUES ('418000013', '1180118','D');
INSERT INTO `ScoreInfo` VALUES ('418000014', '1180118','E');
INSERT INTO `ScoreInfo` VALUES ('418000015', '1180118','D');
INSERT INTO `ScoreInfo` VALUES ('418000016', '1180118','B');
INSERT INTO `ScoreInfo` VALUES ('418000013', '1180119','C');
INSERT INTO `ScoreInfo` VALUES ('418000014', '1180119','B');
INSERT INTO `ScoreInfo` VALUES ('418000015', '1180119','D');
INSERT INTO `ScoreInfo` VALUES ('418000016', '1180119','A');
INSERT INTO `ScoreInfo` VALUES ('418000013', '1180120','B');
INSERT INTO `ScoreInfo` VALUES ('418000014', '1180120','A');
INSERT INTO `ScoreInfo` VALUES ('418000015', '1180120','D');
INSERT INTO `ScoreInfo` VALUES ('418000016', '1180120','E');
INSERT INTO `ScoreInfo` VALUES ('418000017', '1180121','D');
INSERT INTO `ScoreInfo` VALUES ('418000018', '1180121','C');
INSERT INTO `ScoreInfo` VALUES ('418000019', '1180121','C');
INSERT INTO `ScoreInfo` VALUES ('418000020', '1180121','A');
INSERT INTO `ScoreInfo` VALUES ('418000017', '1180122','D');
INSERT INTO `ScoreInfo` VALUES ('418000018', '1180122','D');
INSERT INTO `ScoreInfo` VALUES ('418000019', '1180122','E');
INSERT INTO `ScoreInfo` VALUES ('418000020', '1180122','B');
INSERT INTO `ScoreInfo` VALUES ('418000017', '1180123','A');
INSERT INTO `ScoreInfo` VALUES ('418000018', '1180123','B');
INSERT INTO `ScoreInfo` VALUES ('418000019', '1180123','E');
INSERT INTO `ScoreInfo` VALUES ('418000020', '1180123','B');
INSERT INTO `ScoreInfo` VALUES ('418000017', '1180124','D');
INSERT INTO `ScoreInfo` VALUES ('418000018', '1180124','C');
INSERT INTO `ScoreInfo` VALUES ('418000019', '1180124','C');
INSERT INTO `ScoreInfo` VALUES ('418000020', '1180124','D');
INSERT INTO `ScoreInfo` VALUES ('418000017', '1180125','E');
INSERT INTO `ScoreInfo` VALUES ('418000018', '1180125','C');
INSERT INTO `ScoreInfo` VALUES ('418000019', '1180125','C');
INSERT INTO `ScoreInfo` VALUES ('418000020', '1180125','D');
INSERT INTO `ScoreInfo` VALUES ('418000017', '1180126','C');
INSERT INTO `ScoreInfo` VALUES ('418000018', '1180126','B');
INSERT INTO `ScoreInfo` VALUES ('418000019', '1180126','E');
INSERT INTO `ScoreInfo` VALUES ('418000020', '1180126','A');
INSERT INTO `ScoreInfo` VALUES ('418000017', '1180127','A');
INSERT INTO `ScoreInfo` VALUES ('418000018', '1180127','D');
INSERT INTO `ScoreInfo` VALUES ('418000019', '1180127','C');
INSERT INTO `ScoreInfo` VALUES ('418000020', '1180127','C');
INSERT INTO `ScoreInfo` VALUES ('418000017', '1180128','B');
INSERT INTO `ScoreInfo` VALUES ('418000018', '1180128','B');
INSERT INTO `ScoreInfo` VALUES ('418000019', '1180128','D');
INSERT INTO `ScoreInfo` VALUES ('418000020', '1180128','B');
INSERT INTO `ScoreInfo` VALUES ('418000017', '1180129','C');
INSERT INTO `ScoreInfo` VALUES ('418000018', '1180129','D');
INSERT INTO `ScoreInfo` VALUES ('418000019', '1180129','D');
INSERT INTO `ScoreInfo` VALUES ('418000020', '1180129','C');
INSERT INTO `ScoreInfo` VALUES ('418000017', '1180130','D');
INSERT INTO `ScoreInfo` VALUES ('418000018', '1180130','D');
INSERT INTO `ScoreInfo` VALUES ('418000019', '1180130','D');
INSERT INTO `ScoreInfo` VALUES ('418000020', '1180130','C');
INSERT INTO `ScoreInfo` VALUES ('418000017', '1180131','E');
INSERT INTO `ScoreInfo` VALUES ('418000018', '1180131','C');
INSERT INTO `ScoreInfo` VALUES ('418000019', '1180131','B');
INSERT INTO `ScoreInfo` VALUES ('418000020', '1180131','A');
INSERT INTO `ScoreInfo` VALUES ('418000017', '1180132','A');
INSERT INTO `ScoreInfo` VALUES ('418000018', '1180132','E');
INSERT INTO `ScoreInfo` VALUES ('418000019', '1180132','D');
INSERT INTO `ScoreInfo` VALUES ('418000020', '1180132','D');
INSERT INTO `ScoreInfo` VALUES ('418000017', '1180133','E');
INSERT INTO `ScoreInfo` VALUES ('418000018', '1180133','D');
INSERT INTO `ScoreInfo` VALUES ('418000019', '1180133','C');
INSERT INTO `ScoreInfo` VALUES ('418000020', '1180133','B');
INSERT INTO `ScoreInfo` VALUES ('418000017', '1180134','A');
INSERT INTO `ScoreInfo` VALUES ('418000018', '1180134','D');
INSERT INTO `ScoreInfo` VALUES ('418000019', '1180134','E');
INSERT INTO `ScoreInfo` VALUES ('418000020', '1180134','A');
INSERT INTO `ScoreInfo` VALUES ('418000017', '1180135','C');
INSERT INTO `ScoreInfo` VALUES ('418000018', '1180135','E');
INSERT INTO `ScoreInfo` VALUES ('418000019', '1180135','A');
INSERT INTO `ScoreInfo` VALUES ('418000020', '1180135','C');
INSERT INTO `ScoreInfo` VALUES ('418000017', '1180136','D');
INSERT INTO `ScoreInfo` VALUES ('418000018', '1180136','C');
INSERT INTO `ScoreInfo` VALUES ('418000019', '1180136','B');
INSERT INTO `ScoreInfo` VALUES ('418000020', '1180136','C');
INSERT INTO `ScoreInfo` VALUES ('418000017', '1180137','D');
INSERT INTO `ScoreInfo` VALUES ('418000018', '1180137','D');
INSERT INTO `ScoreInfo` VALUES ('418000019', '1180137','D');
INSERT INTO `ScoreInfo` VALUES ('418000020', '1180137','A');
INSERT INTO `ScoreInfo` VALUES ('418000017', '1180138','D');
INSERT INTO `ScoreInfo` VALUES ('418000018', '1180138','D');
INSERT INTO `ScoreInfo` VALUES ('418000019', '1180138','A');
INSERT INTO `ScoreInfo` VALUES ('418000020', '1180138','B');
INSERT INTO `ScoreInfo` VALUES ('418000017', '1180139','C');
INSERT INTO `ScoreInfo` VALUES ('418000018', '1180139','C');
INSERT INTO `ScoreInfo` VALUES ('418000019', '1180139','B');
INSERT INTO `ScoreInfo` VALUES ('418000020', '1180139','C');
INSERT INTO `ScoreInfo` VALUES ('418000017', '1180140','D');
INSERT INTO `ScoreInfo` VALUES ('418000018', '1180140','B');
INSERT INTO `ScoreInfo` VALUES ('418000019', '1180140','A');
INSERT INTO `ScoreInfo` VALUES ('418000020', '1180140','C');
INSERT INTO `ScoreInfo` VALUES ('418000017', '1180141','B');
INSERT INTO `ScoreInfo` VALUES ('418000018', '1180141','C');
INSERT INTO `ScoreInfo` VALUES ('418000019', '1180141','C');
INSERT INTO `ScoreInfo` VALUES ('418000020', '1180141','D');
INSERT INTO `ScoreInfo` VALUES ('418000017', '1180142','E');
INSERT INTO `ScoreInfo` VALUES ('418000018', '1180142','A');
INSERT INTO `ScoreInfo` VALUES ('418000019', '1180142','E');
INSERT INTO `ScoreInfo` VALUES ('418000020', '1180142','D');
INSERT INTO `ScoreInfo` VALUES ('418000017', '1180143','A');
INSERT INTO `ScoreInfo` VALUES ('418000018', '1180143','D');
INSERT INTO `ScoreInfo` VALUES ('418000019', '1180143','D');
INSERT INTO `ScoreInfo` VALUES ('418000020', '1180143','B');
INSERT INTO `ScoreInfo` VALUES ('418000017', '1180144','B');
INSERT INTO `ScoreInfo` VALUES ('418000018', '1180144','C');
INSERT INTO `ScoreInfo` VALUES ('418000019', '1180144','C');
INSERT INTO `ScoreInfo` VALUES ('418000020', '1180144','B');
INSERT INTO `ScoreInfo` VALUES ('418000017', '1180145','E');
INSERT INTO `ScoreInfo` VALUES ('418000018', '1180145','C');
INSERT INTO `ScoreInfo` VALUES ('418000019', '1180145','C');
INSERT INTO `ScoreInfo` VALUES ('418000020', '1180145','D');
INSERT INTO `ScoreInfo` VALUES ('418000017', '1180146','D');
INSERT INTO `ScoreInfo` VALUES ('418000018', '1180146','A');
INSERT INTO `ScoreInfo` VALUES ('418000019', '1180146','E');
INSERT INTO `ScoreInfo` VALUES ('418000020', '1180146','C');
INSERT INTO `ScoreInfo` VALUES ('418000017', '1180147','A');
INSERT INTO `ScoreInfo` VALUES ('418000018', '1180147','B');
INSERT INTO `ScoreInfo` VALUES ('418000019', '1180147','E');
INSERT INTO `ScoreInfo` VALUES ('418000020', '1180147','D');
INSERT INTO `ScoreInfo` VALUES ('418000017', '1180148','C');
INSERT INTO `ScoreInfo` VALUES ('418000018', '1180148','D');
INSERT INTO `ScoreInfo` VALUES ('418000019', '1180148','E');
INSERT INTO `ScoreInfo` VALUES ('418000020', '1180148','B');
INSERT INTO `ScoreInfo` VALUES ('418000017', '1180149','C');
INSERT INTO `ScoreInfo` VALUES ('418000018', '1180149','D');
INSERT INTO `ScoreInfo` VALUES ('418000019', '1180149','A');
INSERT INTO `ScoreInfo` VALUES ('418000020', '1180149','D');
INSERT INTO `ScoreInfo` VALUES ('418000017', '1180150','E');
INSERT INTO `ScoreInfo` VALUES ('418000018', '1180150','E');
INSERT INTO `ScoreInfo` VALUES ('418000019', '1180150','C');
INSERT INTO `ScoreInfo` VALUES ('418000020', '1180150','E');
INSERT INTO `ScoreInfo` VALUES ('418000021', '1180151','A');
INSERT INTO `ScoreInfo` VALUES ('418000022', '1180151','B');
INSERT INTO `ScoreInfo` VALUES ('418000023', '1180151','E');
INSERT INTO `ScoreInfo` VALUES ('418000024', '1180151','A');
INSERT INTO `ScoreInfo` VALUES ('418000021', '1180152','C');
INSERT INTO `ScoreInfo` VALUES ('418000022', '1180152','B');
INSERT INTO `ScoreInfo` VALUES ('418000023', '1180152','D');
INSERT INTO `ScoreInfo` VALUES ('418000024', '1180152','B');
INSERT INTO `ScoreInfo` VALUES ('418000021', '1180153','B');
INSERT INTO `ScoreInfo` VALUES ('418000022', '1180153','D');
INSERT INTO `ScoreInfo` VALUES ('418000023', '1180153','B');
INSERT INTO `ScoreInfo` VALUES ('418000024', '1180153','D');
INSERT INTO `ScoreInfo` VALUES ('418000021', '1180154','C');
INSERT INTO `ScoreInfo` VALUES ('418000022', '1180154','E');
INSERT INTO `ScoreInfo` VALUES ('418000023', '1180154','C');
INSERT INTO `ScoreInfo` VALUES ('418000024', '1180154','E');
INSERT INTO `ScoreInfo` VALUES ('418000021', '1180155','B');
INSERT INTO `ScoreInfo` VALUES ('418000022', '1180155','E');
INSERT INTO `ScoreInfo` VALUES ('418000023', '1180155','D');
INSERT INTO `ScoreInfo` VALUES ('418000024', '1180155','D');
INSERT INTO `ScoreInfo` VALUES ('418000021', '1180156','A');
INSERT INTO `ScoreInfo` VALUES ('418000022', '1180156','B');
INSERT INTO `ScoreInfo` VALUES ('418000023', '1180156','A');
INSERT INTO `ScoreInfo` VALUES ('418000024', '1180156','E');
INSERT INTO `ScoreInfo` VALUES ('418000021', '1180157','C');
INSERT INTO `ScoreInfo` VALUES ('418000022', '1180157','B');
INSERT INTO `ScoreInfo` VALUES ('418000023', '1180157','E');
INSERT INTO `ScoreInfo` VALUES ('418000024', '1180157','A');
INSERT INTO `ScoreInfo` VALUES ('418000021', '1180158','D');
INSERT INTO `ScoreInfo` VALUES ('418000022', '1180158','B');
INSERT INTO `ScoreInfo` VALUES ('418000023', '1180158','E');
INSERT INTO `ScoreInfo` VALUES ('418000024', '1180158','D');
INSERT INTO `ScoreInfo` VALUES ('418000021', '1180159','D');
INSERT INTO `ScoreInfo` VALUES ('418000022', '1180159','A');
INSERT INTO `ScoreInfo` VALUES ('418000023', '1180159','E');
INSERT INTO `ScoreInfo` VALUES ('418000024', '1180159','E');
INSERT INTO `ScoreInfo` VALUES ('418000021', '1180160','B');
INSERT INTO `ScoreInfo` VALUES ('418000022', '1180160','D');
INSERT INTO `ScoreInfo` VALUES ('418000023', '1180160','B');
INSERT INTO `ScoreInfo` VALUES ('418000024', '1180160','A');
INSERT INTO `ScoreInfo` VALUES ('418000021', '1180161','A');
INSERT INTO `ScoreInfo` VALUES ('418000022', '1180161','D');
INSERT INTO `ScoreInfo` VALUES ('418000023', '1180161','D');
INSERT INTO `ScoreInfo` VALUES ('418000024', '1180161','A');
INSERT INTO `ScoreInfo` VALUES ('418000021', '1180162','E');
INSERT INTO `ScoreInfo` VALUES ('418000022', '1180162','A');
INSERT INTO `ScoreInfo` VALUES ('418000023', '1180162','D');
INSERT INTO `ScoreInfo` VALUES ('418000024', '1180162','C');
INSERT INTO `ScoreInfo` VALUES ('418000021', '1180163','C');
INSERT INTO `ScoreInfo` VALUES ('418000022', '1180163','E');
INSERT INTO `ScoreInfo` VALUES ('418000023', '1180163','C');
INSERT INTO `ScoreInfo` VALUES ('418000024', '1180163','B');
INSERT INTO `ScoreInfo` VALUES ('418000021', '1180164','A');
INSERT INTO `ScoreInfo` VALUES ('418000022', '1180164','C');
INSERT INTO `ScoreInfo` VALUES ('418000023', '1180164','A');
INSERT INTO `ScoreInfo` VALUES ('418000024', '1180164','D');
INSERT INTO `ScoreInfo` VALUES ('418000021', '1180165','D');
INSERT INTO `ScoreInfo` VALUES ('418000022', '1180165','D');
INSERT INTO `ScoreInfo` VALUES ('418000023', '1180165','A');
INSERT INTO `ScoreInfo` VALUES ('418000024', '1180165','E');
INSERT INTO `ScoreInfo` VALUES ('418000021', '1180166','B');
INSERT INTO `ScoreInfo` VALUES ('418000022', '1180166','B');
INSERT INTO `ScoreInfo` VALUES ('418000023', '1180166','B');
INSERT INTO `ScoreInfo` VALUES ('418000024', '1180166','D');
INSERT INTO `ScoreInfo` VALUES ('418000021', '1180167','A');
INSERT INTO `ScoreInfo` VALUES ('418000022', '1180167','E');
INSERT INTO `ScoreInfo` VALUES ('418000023', '1180167','C');
INSERT INTO `ScoreInfo` VALUES ('418000024', '1180167','C');
INSERT INTO `ScoreInfo` VALUES ('418000021', '1180168','E');
INSERT INTO `ScoreInfo` VALUES ('418000022', '1180168','B');
INSERT INTO `ScoreInfo` VALUES ('418000023', '1180168','D');
INSERT INTO `ScoreInfo` VALUES ('418000024', '1180168','D');
INSERT INTO `ScoreInfo` VALUES ('418000021', '1180169','A');
INSERT INTO `ScoreInfo` VALUES ('418000022', '1180169','E');
INSERT INTO `ScoreInfo` VALUES ('418000023', '1180169','E');
INSERT INTO `ScoreInfo` VALUES ('418000024', '1180169','E');
INSERT INTO `ScoreInfo` VALUES ('418000021', '1180170','E');
INSERT INTO `ScoreInfo` VALUES ('418000022', '1180170','C');
INSERT INTO `ScoreInfo` VALUES ('418000023', '1180170','B');
INSERT INTO `ScoreInfo` VALUES ('418000024', '1180170','E');
INSERT INTO `ScoreInfo` VALUES ('418000021', '1180171','E');
INSERT INTO `ScoreInfo` VALUES ('418000022', '1180171','A');
INSERT INTO `ScoreInfo` VALUES ('418000023', '1180171','D');
INSERT INTO `ScoreInfo` VALUES ('418000024', '1180171','B');
INSERT INTO `ScoreInfo` VALUES ('418000021', '1180172','B');
INSERT INTO `ScoreInfo` VALUES ('418000022', '1180172','B');
INSERT INTO `ScoreInfo` VALUES ('418000023', '1180172','D');
INSERT INTO `ScoreInfo` VALUES ('418000024', '1180172','C');
INSERT INTO `ScoreInfo` VALUES ('418000021', '1180173','C');
INSERT INTO `ScoreInfo` VALUES ('418000022', '1180173','A');
INSERT INTO `ScoreInfo` VALUES ('418000023', '1180173','E');
INSERT INTO `ScoreInfo` VALUES ('418000024', '1180173','D');
INSERT INTO `ScoreInfo` VALUES ('418000021', '1180174','E');
INSERT INTO `ScoreInfo` VALUES ('418000022', '1180174','B');
INSERT INTO `ScoreInfo` VALUES ('418000023', '1180174','B');
INSERT INTO `ScoreInfo` VALUES ('418000024', '1180174','B');
INSERT INTO `ScoreInfo` VALUES ('418000021', '1180175','B');
INSERT INTO `ScoreInfo` VALUES ('418000022', '1180175','D');
INSERT INTO `ScoreInfo` VALUES ('418000023', '1180175','A');
INSERT INTO `ScoreInfo` VALUES ('418000024', '1180175','C');
INSERT INTO `ScoreInfo` VALUES ('418000021', '1180176','B');
INSERT INTO `ScoreInfo` VALUES ('418000022', '1180176','C');
INSERT INTO `ScoreInfo` VALUES ('418000023', '1180176','D');
INSERT INTO `ScoreInfo` VALUES ('418000024', '1180176','C');
INSERT INTO `ScoreInfo` VALUES ('418000021', '1180177','D');
INSERT INTO `ScoreInfo` VALUES ('418000022', '1180177','A');
INSERT INTO `ScoreInfo` VALUES ('418000023', '1180177','E');
INSERT INTO `ScoreInfo` VALUES ('418000024', '1180177','D');
INSERT INTO `ScoreInfo` VALUES ('418000021', '1180178','E');
INSERT INTO `ScoreInfo` VALUES ('418000022', '1180178','A');
INSERT INTO `ScoreInfo` VALUES ('418000023', '1180178','D');
INSERT INTO `ScoreInfo` VALUES ('418000024', '1180178','D');
INSERT INTO `ScoreInfo` VALUES ('418000021', '1180179','C');
INSERT INTO `ScoreInfo` VALUES ('418000022', '1180179','D');
INSERT INTO `ScoreInfo` VALUES ('418000023', '1180179','A');
INSERT INTO `ScoreInfo` VALUES ('418000024', '1180179','E');
INSERT INTO `ScoreInfo` VALUES ('418000021', '1180180','C');
INSERT INTO `ScoreInfo` VALUES ('418000022', '1180180','B');
INSERT INTO `ScoreInfo` VALUES ('418000023', '1180180','D');
INSERT INTO `ScoreInfo` VALUES ('418000024', '1180180','B');
INSERT INTO `ScoreInfo` VALUES ('418000025', '1180181','C');
INSERT INTO `ScoreInfo` VALUES ('418000026', '1180181','B');
INSERT INTO `ScoreInfo` VALUES ('418000027', '1180181','E');
INSERT INTO `ScoreInfo` VALUES ('418000028', '1180181','D');
INSERT INTO `ScoreInfo` VALUES ('418000025', '1180182','C');
INSERT INTO `ScoreInfo` VALUES ('418000026', '1180182','E');
INSERT INTO `ScoreInfo` VALUES ('418000027', '1180182','E');
INSERT INTO `ScoreInfo` VALUES ('418000028', '1180182','A');
INSERT INTO `ScoreInfo` VALUES ('418000025', '1180183','C');
INSERT INTO `ScoreInfo` VALUES ('418000026', '1180183','E');
INSERT INTO `ScoreInfo` VALUES ('418000027', '1180183','B');
INSERT INTO `ScoreInfo` VALUES ('418000028', '1180183','B');
INSERT INTO `ScoreInfo` VALUES ('418000025', '1180184','D');
INSERT INTO `ScoreInfo` VALUES ('418000026', '1180184','D');
INSERT INTO `ScoreInfo` VALUES ('418000027', '1180184','E');
INSERT INTO `ScoreInfo` VALUES ('418000028', '1180184','D');
INSERT INTO `ScoreInfo` VALUES ('418000025', '1180185','B');
INSERT INTO `ScoreInfo` VALUES ('418000026', '1180185','D');
INSERT INTO `ScoreInfo` VALUES ('418000027', '1180185','D');
INSERT INTO `ScoreInfo` VALUES ('418000028', '1180185','C');
INSERT INTO `ScoreInfo` VALUES ('418000025', '1180186','E');
INSERT INTO `ScoreInfo` VALUES ('418000026', '1180186','D');
INSERT INTO `ScoreInfo` VALUES ('418000027', '1180186','D');
INSERT INTO `ScoreInfo` VALUES ('418000028', '1180186','A');
INSERT INTO `ScoreInfo` VALUES ('418000025', '1180187','C');
INSERT INTO `ScoreInfo` VALUES ('418000026', '1180187','C');
INSERT INTO `ScoreInfo` VALUES ('418000027', '1180187','C');
INSERT INTO `ScoreInfo` VALUES ('418000028', '1180187','D');
INSERT INTO `ScoreInfo` VALUES ('418000025', '1180188','D');
INSERT INTO `ScoreInfo` VALUES ('418000026', '1180188','B');
INSERT INTO `ScoreInfo` VALUES ('418000027', '1180188','A');
INSERT INTO `ScoreInfo` VALUES ('418000028', '1180188','E');
INSERT INTO `ScoreInfo` VALUES ('418000025', '1180189','A');
INSERT INTO `ScoreInfo` VALUES ('418000026', '1180189','E');
INSERT INTO `ScoreInfo` VALUES ('418000027', '1180189','E');
INSERT INTO `ScoreInfo` VALUES ('418000028', '1180189','A');
INSERT INTO `ScoreInfo` VALUES ('418000025', '1180190','B');
INSERT INTO `ScoreInfo` VALUES ('418000026', '1180190','C');
INSERT INTO `ScoreInfo` VALUES ('418000027', '1180190','A');
INSERT INTO `ScoreInfo` VALUES ('418000028', '1180190','D');
INSERT INTO `ScoreInfo` VALUES ('418000025', '1180191','E');
INSERT INTO `ScoreInfo` VALUES ('418000026', '1180191','C');
INSERT INTO `ScoreInfo` VALUES ('418000027', '1180191','C');
INSERT INTO `ScoreInfo` VALUES ('418000028', '1180191','D');
INSERT INTO `ScoreInfo` VALUES ('418000025', '1180192','E');
INSERT INTO `ScoreInfo` VALUES ('418000026', '1180192','A');
INSERT INTO `ScoreInfo` VALUES ('418000027', '1180192','E');
INSERT INTO `ScoreInfo` VALUES ('418000028', '1180192','E');
INSERT INTO `ScoreInfo` VALUES ('418000025', '1180193','E');
INSERT INTO `ScoreInfo` VALUES ('418000026', '1180193','D');
INSERT INTO `ScoreInfo` VALUES ('418000027', '1180193','A');
INSERT INTO `ScoreInfo` VALUES ('418000028', '1180193','A');
INSERT INTO `ScoreInfo` VALUES ('418000025', '1180194','C');
INSERT INTO `ScoreInfo` VALUES ('418000026', '1180194','E');
INSERT INTO `ScoreInfo` VALUES ('418000027', '1180194','B');
INSERT INTO `ScoreInfo` VALUES ('418000028', '1180194','E');
INSERT INTO `ScoreInfo` VALUES ('418000025', '1180195','D');
INSERT INTO `ScoreInfo` VALUES ('418000026', '1180195','B');
INSERT INTO `ScoreInfo` VALUES ('418000027', '1180195','B');
INSERT INTO `ScoreInfo` VALUES ('418000028', '1180195','B');
INSERT INTO `ScoreInfo` VALUES ('418000025', '1180196','A');
INSERT INTO `ScoreInfo` VALUES ('418000026', '1180196','A');
INSERT INTO `ScoreInfo` VALUES ('418000027', '1180196','E');
INSERT INTO `ScoreInfo` VALUES ('418000028', '1180196','B');
INSERT INTO `ScoreInfo` VALUES ('418000025', '1180197','E');
INSERT INTO `ScoreInfo` VALUES ('418000026', '1180197','A');
INSERT INTO `ScoreInfo` VALUES ('418000027', '1180197','D');
INSERT INTO `ScoreInfo` VALUES ('418000028', '1180197','E');
INSERT INTO `ScoreInfo` VALUES ('418000025', '1180198','A');
INSERT INTO `ScoreInfo` VALUES ('418000026', '1180198','C');
INSERT INTO `ScoreInfo` VALUES ('418000027', '1180198','E');
INSERT INTO `ScoreInfo` VALUES ('418000028', '1180198','E');
INSERT INTO `ScoreInfo` VALUES ('418000025', '1180199','D');
INSERT INTO `ScoreInfo` VALUES ('418000026', '1180199','D');
INSERT INTO `ScoreInfo` VALUES ('418000027', '1180199','E');
INSERT INTO `ScoreInfo` VALUES ('418000028', '1180199','C');
INSERT INTO `ScoreInfo` VALUES ('418000025', '1180200','B');
INSERT INTO `ScoreInfo` VALUES ('418000026', '1180200','A');
INSERT INTO `ScoreInfo` VALUES ('418000027', '1180200','B');
INSERT INTO `ScoreInfo` VALUES ('418000028', '1180200','C');
INSERT INTO `ScoreInfo` VALUES ('418000025', '1180201','D');
INSERT INTO `ScoreInfo` VALUES ('418000026', '1180201','B');
INSERT INTO `ScoreInfo` VALUES ('418000027', '1180201','B');
INSERT INTO `ScoreInfo` VALUES ('418000028', '1180201','E');
INSERT INTO `ScoreInfo` VALUES ('418000025', '1180202','D');
INSERT INTO `ScoreInfo` VALUES ('418000026', '1180202','E');
INSERT INTO `ScoreInfo` VALUES ('418000027', '1180202','C');
INSERT INTO `ScoreInfo` VALUES ('418000028', '1180202','B');
INSERT INTO `ScoreInfo` VALUES ('418000025', '1180203','B');
INSERT INTO `ScoreInfo` VALUES ('418000026', '1180203','A');
INSERT INTO `ScoreInfo` VALUES ('418000027', '1180203','C');
INSERT INTO `ScoreInfo` VALUES ('418000028', '1180203','B');
INSERT INTO `ScoreInfo` VALUES ('418000025', '1180204','A');
INSERT INTO `ScoreInfo` VALUES ('418000026', '1180204','D');
INSERT INTO `ScoreInfo` VALUES ('418000027', '1180204','C');
INSERT INTO `ScoreInfo` VALUES ('418000028', '1180204','E');
INSERT INTO `ScoreInfo` VALUES ('418000025', '1180205','C');
INSERT INTO `ScoreInfo` VALUES ('418000026', '1180205','B');
INSERT INTO `ScoreInfo` VALUES ('418000027', '1180205','B');
INSERT INTO `ScoreInfo` VALUES ('418000028', '1180205','C');
INSERT INTO `ScoreInfo` VALUES ('418000025', '1180206','D');
INSERT INTO `ScoreInfo` VALUES ('418000026', '1180206','A');
INSERT INTO `ScoreInfo` VALUES ('418000027', '1180206','D');
INSERT INTO `ScoreInfo` VALUES ('418000028', '1180206','B');
INSERT INTO `ScoreInfo` VALUES ('418000025', '1180207','E');
INSERT INTO `ScoreInfo` VALUES ('418000026', '1180207','C');
INSERT INTO `ScoreInfo` VALUES ('418000027', '1180207','A');
INSERT INTO `ScoreInfo` VALUES ('418000028', '1180207','E');
INSERT INTO `ScoreInfo` VALUES ('418000025', '1180208','B');
INSERT INTO `ScoreInfo` VALUES ('418000026', '1180208','B');
INSERT INTO `ScoreInfo` VALUES ('418000027', '1180208','B');
INSERT INTO `ScoreInfo` VALUES ('418000028', '1180208','D');
INSERT INTO `ScoreInfo` VALUES ('418000025', '1180209','A');
INSERT INTO `ScoreInfo` VALUES ('418000026', '1180209','C');
INSERT INTO `ScoreInfo` VALUES ('418000027', '1180209','B');
INSERT INTO `ScoreInfo` VALUES ('418000028', '1180209','C');
INSERT INTO `ScoreInfo` VALUES ('418000025', '1180210','B');
INSERT INTO `ScoreInfo` VALUES ('418000026', '1180210','A');
INSERT INTO `ScoreInfo` VALUES ('418000027', '1180210','D');
INSERT INTO `ScoreInfo` VALUES ('418000028', '1180210','C');
INSERT INTO `ScoreInfo` VALUES ('418000029', '1180211','D');
INSERT INTO `ScoreInfo` VALUES ('418000030', '1180211','D');
INSERT INTO `ScoreInfo` VALUES ('418000031', '1180211','A');
INSERT INTO `ScoreInfo` VALUES ('418000032', '1180211','E');
INSERT INTO `ScoreInfo` VALUES ('418000029', '1180212','D');
INSERT INTO `ScoreInfo` VALUES ('418000030', '1180212','A');
INSERT INTO `ScoreInfo` VALUES ('418000031', '1180212','D');
INSERT INTO `ScoreInfo` VALUES ('418000032', '1180212','E');
INSERT INTO `ScoreInfo` VALUES ('418000029', '1180213','A');
INSERT INTO `ScoreInfo` VALUES ('418000030', '1180213','C');
INSERT INTO `ScoreInfo` VALUES ('418000031', '1180213','A');
INSERT INTO `ScoreInfo` VALUES ('418000032', '1180213','B');
INSERT INTO `ScoreInfo` VALUES ('418000029', '1180214','B');
INSERT INTO `ScoreInfo` VALUES ('418000030', '1180214','D');
INSERT INTO `ScoreInfo` VALUES ('418000031', '1180214','E');
INSERT INTO `ScoreInfo` VALUES ('418000032', '1180214','D');
INSERT INTO `ScoreInfo` VALUES ('418000029', '1180215','A');
INSERT INTO `ScoreInfo` VALUES ('418000030', '1180215','A');
INSERT INTO `ScoreInfo` VALUES ('418000031', '1180215','E');
INSERT INTO `ScoreInfo` VALUES ('418000032', '1180215','D');
INSERT INTO `ScoreInfo` VALUES ('418000029', '1180216','A');
INSERT INTO `ScoreInfo` VALUES ('418000030', '1180216','C');
INSERT INTO `ScoreInfo` VALUES ('418000031', '1180216','E');
INSERT INTO `ScoreInfo` VALUES ('418000032', '1180216','D');
INSERT INTO `ScoreInfo` VALUES ('418000029', '1180217','D');
INSERT INTO `ScoreInfo` VALUES ('418000030', '1180217','A');
INSERT INTO `ScoreInfo` VALUES ('418000031', '1180217','D');
INSERT INTO `ScoreInfo` VALUES ('418000032', '1180217','A');
INSERT INTO `ScoreInfo` VALUES ('418000029', '1180218','C');
INSERT INTO `ScoreInfo` VALUES ('418000030', '1180218','A');
INSERT INTO `ScoreInfo` VALUES ('418000031', '1180218','D');
INSERT INTO `ScoreInfo` VALUES ('418000032', '1180218','B');
INSERT INTO `ScoreInfo` VALUES ('418000029', '1180219','A');
INSERT INTO `ScoreInfo` VALUES ('418000030', '1180219','A');
INSERT INTO `ScoreInfo` VALUES ('418000031', '1180219','A');
INSERT INTO `ScoreInfo` VALUES ('418000032', '1180219','C');
INSERT INTO `ScoreInfo` VALUES ('418000029', '1180220','A');
INSERT INTO `ScoreInfo` VALUES ('418000030', '1180220','C');
INSERT INTO `ScoreInfo` VALUES ('418000031', '1180220','B');
INSERT INTO `ScoreInfo` VALUES ('418000032', '1180220','D');
INSERT INTO `ScoreInfo` VALUES ('418000029', '1180221','A');
INSERT INTO `ScoreInfo` VALUES ('418000030', '1180221','E');
INSERT INTO `ScoreInfo` VALUES ('418000031', '1180221','B');
INSERT INTO `ScoreInfo` VALUES ('418000032', '1180221','B');
INSERT INTO `ScoreInfo` VALUES ('418000029', '1180222','D');
INSERT INTO `ScoreInfo` VALUES ('418000030', '1180222','C');
INSERT INTO `ScoreInfo` VALUES ('418000031', '1180222','C');
INSERT INTO `ScoreInfo` VALUES ('418000032', '1180222','B');
INSERT INTO `ScoreInfo` VALUES ('418000029', '1180223','A');
INSERT INTO `ScoreInfo` VALUES ('418000030', '1180223','C');
INSERT INTO `ScoreInfo` VALUES ('418000031', '1180223','E');
INSERT INTO `ScoreInfo` VALUES ('418000032', '1180223','D');
INSERT INTO `ScoreInfo` VALUES ('418000029', '1180224','B');
INSERT INTO `ScoreInfo` VALUES ('418000030', '1180224','C');
INSERT INTO `ScoreInfo` VALUES ('418000031', '1180224','A');
INSERT INTO `ScoreInfo` VALUES ('418000032', '1180224','E');
INSERT INTO `ScoreInfo` VALUES ('418000029', '1180225','E');
INSERT INTO `ScoreInfo` VALUES ('418000030', '1180225','C');
INSERT INTO `ScoreInfo` VALUES ('418000031', '1180225','D');
INSERT INTO `ScoreInfo` VALUES ('418000032', '1180225','D');
INSERT INTO `ScoreInfo` VALUES ('418000029', '1180226','B');
INSERT INTO `ScoreInfo` VALUES ('418000030', '1180226','E');
INSERT INTO `ScoreInfo` VALUES ('418000031', '1180226','B');
INSERT INTO `ScoreInfo` VALUES ('418000032', '1180226','A');
INSERT INTO `ScoreInfo` VALUES ('418000029', '1180227','C');
INSERT INTO `ScoreInfo` VALUES ('418000030', '1180227','A');
INSERT INTO `ScoreInfo` VALUES ('418000031', '1180227','A');
INSERT INTO `ScoreInfo` VALUES ('418000032', '1180227','A');
INSERT INTO `ScoreInfo` VALUES ('418000029', '1180228','D');
INSERT INTO `ScoreInfo` VALUES ('418000030', '1180228','A');
INSERT INTO `ScoreInfo` VALUES ('418000031', '1180228','E');
INSERT INTO `ScoreInfo` VALUES ('418000032', '1180228','E');
INSERT INTO `ScoreInfo` VALUES ('418000029', '1180229','D');
INSERT INTO `ScoreInfo` VALUES ('418000030', '1180229','B');
INSERT INTO `ScoreInfo` VALUES ('418000031', '1180229','D');
INSERT INTO `ScoreInfo` VALUES ('418000032', '1180229','C');
INSERT INTO `ScoreInfo` VALUES ('418000029', '1180230','D');
INSERT INTO `ScoreInfo` VALUES ('418000030', '1180230','D');
INSERT INTO `ScoreInfo` VALUES ('418000031', '1180230','C');
INSERT INTO `ScoreInfo` VALUES ('418000032', '1180230','B');
INSERT INTO `ScoreInfo` VALUES ('418000029', '1180231','C');
INSERT INTO `ScoreInfo` VALUES ('418000030', '1180231','A');
INSERT INTO `ScoreInfo` VALUES ('418000031', '1180231','E');
INSERT INTO `ScoreInfo` VALUES ('418000032', '1180231','A');
INSERT INTO `ScoreInfo` VALUES ('418000029', '1180232','C');
INSERT INTO `ScoreInfo` VALUES ('418000030', '1180232','D');
INSERT INTO `ScoreInfo` VALUES ('418000031', '1180232','E');
INSERT INTO `ScoreInfo` VALUES ('418000032', '1180232','A');
INSERT INTO `ScoreInfo` VALUES ('418000029', '1180233','A');
INSERT INTO `ScoreInfo` VALUES ('418000030', '1180233','E');
INSERT INTO `ScoreInfo` VALUES ('418000031', '1180233','E');
INSERT INTO `ScoreInfo` VALUES ('418000032', '1180233','E');
INSERT INTO `ScoreInfo` VALUES ('418000029', '1180234','A');
INSERT INTO `ScoreInfo` VALUES ('418000030', '1180234','B');
INSERT INTO `ScoreInfo` VALUES ('418000031', '1180234','D');
INSERT INTO `ScoreInfo` VALUES ('418000032', '1180234','C');
INSERT INTO `ScoreInfo` VALUES ('418000029', '1180235','C');
INSERT INTO `ScoreInfo` VALUES ('418000030', '1180235','D');
INSERT INTO `ScoreInfo` VALUES ('418000031', '1180235','E');
INSERT INTO `ScoreInfo` VALUES ('418000032', '1180235','A');
INSERT INTO `ScoreInfo` VALUES ('418000029', '1180236','E');
INSERT INTO `ScoreInfo` VALUES ('418000030', '1180236','C');
INSERT INTO `ScoreInfo` VALUES ('418000031', '1180236','C');
INSERT INTO `ScoreInfo` VALUES ('418000032', '1180236','D');
INSERT INTO `ScoreInfo` VALUES ('418000029', '1180237','A');
INSERT INTO `ScoreInfo` VALUES ('418000030', '1180237','A');
INSERT INTO `ScoreInfo` VALUES ('418000031', '1180237','B');
INSERT INTO `ScoreInfo` VALUES ('418000032', '1180237','E');
INSERT INTO `ScoreInfo` VALUES ('418000029', '1180238','D');
INSERT INTO `ScoreInfo` VALUES ('418000030', '1180238','A');
INSERT INTO `ScoreInfo` VALUES ('418000031', '1180238','A');
INSERT INTO `ScoreInfo` VALUES ('418000032', '1180238','C');
INSERT INTO `ScoreInfo` VALUES ('418000029', '1180239','B');
INSERT INTO `ScoreInfo` VALUES ('418000030', '1180239','E');
INSERT INTO `ScoreInfo` VALUES ('418000031', '1180239','A');
INSERT INTO `ScoreInfo` VALUES ('418000032', '1180239','E');
INSERT INTO `ScoreInfo` VALUES ('418000029', '1180240','B');
INSERT INTO `ScoreInfo` VALUES ('418000030', '1180240','B');
INSERT INTO `ScoreInfo` VALUES ('418000031', '1180240','C');
INSERT INTO `ScoreInfo` VALUES ('418000032', '1180240','E');

-- ----------------------------
-- Records of EvaluationInfo
-- ----------------------------
INSERT INTO `EvaluationInfo`(CourseNo,TeacherNo,TeaContent) VALUES ('418000001', '3180001','perfect');
INSERT INTO `EvaluationInfo`(CourseNo,TeacherNo,StuContent,StudentNo) VALUES ('418000001', '3180001','bad','1180001');
INSERT INTO `EvaluationInfo`(CourseNo,TeacherNo,StuContent,StudentNo) VALUES ('418000001', '3180001','average','1180002');
INSERT INTO `EvaluationInfo`(CourseNo,TeacherNo,StuContent,StudentNo) VALUES ('418000001', '3180001','average','1180003');
INSERT INTO `EvaluationInfo`(CourseNo,TeacherNo,TeaContent) VALUES ('418000002', '3180001','bad');
INSERT INTO `EvaluationInfo`(CourseNo,TeacherNo,StuContent,StudentNo) VALUES ('418000002', '3180001','average','1180001');
INSERT INTO `EvaluationInfo`(CourseNo,TeacherNo,StuContent,StudentNo) VALUES ('418000002', '3180001','average','1180002');
INSERT INTO `EvaluationInfo`(CourseNo,TeacherNo,StuContent,StudentNo) VALUES ('418000002', '3180001','average','1180003');
INSERT INTO `EvaluationInfo`(CourseNo,TeacherNo,TeaContent) VALUES ('418000003', '3180002','perfect');
INSERT INTO `EvaluationInfo`(CourseNo,TeacherNo,StuContent,StudentNo) VALUES ('418000003', '3180002','perfect','1180001');
INSERT INTO `EvaluationInfo`(CourseNo,TeacherNo,StuContent,StudentNo) VALUES ('418000003', '3180002','bad','1180002');
INSERT INTO `EvaluationInfo`(CourseNo,TeacherNo,StuContent,StudentNo) VALUES ('418000003', '3180002','good','1180003');
INSERT INTO `EvaluationInfo`(CourseNo,TeacherNo,TeaContent) VALUES ('418000004', '3180002','bad');
INSERT INTO `EvaluationInfo`(CourseNo,TeacherNo,StuContent,StudentNo) VALUES ('418000004', '3180002','good','1180001');
INSERT INTO `EvaluationInfo`(CourseNo,TeacherNo,StuContent,StudentNo) VALUES ('418000004', '3180002','good','1180002');
INSERT INTO `EvaluationInfo`(CourseNo,TeacherNo,StuContent,StudentNo) VALUES ('418000004', '3180002','good','1180003');
INSERT INTO `EvaluationInfo`(CourseNo,TeacherNo,TeaContent) VALUES ('418000005', '3180003','average');
INSERT INTO `EvaluationInfo`(CourseNo,TeacherNo,StuContent,StudentNo) VALUES ('418000005', '3180003','good','1180031');
INSERT INTO `EvaluationInfo`(CourseNo,TeacherNo,StuContent,StudentNo) VALUES ('418000005', '3180003','average','1180032');
INSERT INTO `EvaluationInfo`(CourseNo,TeacherNo,StuContent,StudentNo) VALUES ('418000005', '3180003','bad','1180033');
INSERT INTO `EvaluationInfo`(CourseNo,TeacherNo,TeaContent) VALUES ('418000006', '3180003','good');
INSERT INTO `EvaluationInfo`(CourseNo,TeacherNo,StuContent,StudentNo) VALUES ('418000006', '3180003','bad','1180031');
INSERT INTO `EvaluationInfo`(CourseNo,TeacherNo,StuContent,StudentNo) VALUES ('418000006', '3180003','bad','1180032');
INSERT INTO `EvaluationInfo`(CourseNo,TeacherNo,StuContent,StudentNo) VALUES ('418000006', '3180003','perfect','1180033');
INSERT INTO `EvaluationInfo`(CourseNo,TeacherNo,TeaContent) VALUES ('418000007', '3180004','average');
INSERT INTO `EvaluationInfo`(CourseNo,TeacherNo,StuContent,StudentNo) VALUES ('418000007', '3180004','average','1180031');
INSERT INTO `EvaluationInfo`(CourseNo,TeacherNo,StuContent,StudentNo) VALUES ('418000007', '3180004','bad','1180032');
INSERT INTO `EvaluationInfo`(CourseNo,TeacherNo,StuContent,StudentNo) VALUES ('418000007', '3180004','average','1180033');
INSERT INTO `EvaluationInfo`(CourseNo,TeacherNo,TeaContent) VALUES ('418000008', '3180004','average');
INSERT INTO `EvaluationInfo`(CourseNo,TeacherNo,StuContent,StudentNo) VALUES ('418000008', '3180004','perfect','1180031');
INSERT INTO `EvaluationInfo`(CourseNo,TeacherNo,StuContent,StudentNo) VALUES ('418000008', '3180004','perfect','1180032');
INSERT INTO `EvaluationInfo`(CourseNo,TeacherNo,StuContent,StudentNo) VALUES ('418000008', '3180004','average','1180033');
INSERT INTO `EvaluationInfo`(CourseNo,TeacherNo,TeaContent) VALUES ('418000009', '3180005','good');
INSERT INTO `EvaluationInfo`(CourseNo,TeacherNo,StuContent,StudentNo) VALUES ('418000009', '3180005','average','1180061');
INSERT INTO `EvaluationInfo`(CourseNo,TeacherNo,StuContent,StudentNo) VALUES ('418000009', '3180005','average','1180062');
INSERT INTO `EvaluationInfo`(CourseNo,TeacherNo,StuContent,StudentNo) VALUES ('418000009', '3180005','bad','1180063');
INSERT INTO `EvaluationInfo`(CourseNo,TeacherNo,TeaContent) VALUES ('418000010', '3180005','average');
INSERT INTO `EvaluationInfo`(CourseNo,TeacherNo,StuContent,StudentNo) VALUES ('418000010', '3180005','perfect','1180061');
INSERT INTO `EvaluationInfo`(CourseNo,TeacherNo,StuContent,StudentNo) VALUES ('418000010', '3180005','average','1180062');
INSERT INTO `EvaluationInfo`(CourseNo,TeacherNo,StuContent,StudentNo) VALUES ('418000010', '3180005','good','1180063');
INSERT INTO `EvaluationInfo`(CourseNo,TeacherNo,TeaContent) VALUES ('418000011', '3180006','good');
INSERT INTO `EvaluationInfo`(CourseNo,TeacherNo,StuContent,StudentNo) VALUES ('418000011', '3180006','perfect','1180061');
INSERT INTO `EvaluationInfo`(CourseNo,TeacherNo,StuContent,StudentNo) VALUES ('418000011', '3180006','good','1180062');
INSERT INTO `EvaluationInfo`(CourseNo,TeacherNo,StuContent,StudentNo) VALUES ('418000011', '3180006','average','1180063');
INSERT INTO `EvaluationInfo`(CourseNo,TeacherNo,TeaContent) VALUES ('418000012', '3180006','good');
INSERT INTO `EvaluationInfo`(CourseNo,TeacherNo,StuContent,StudentNo) VALUES ('418000012', '3180006','average','1180061');
INSERT INTO `EvaluationInfo`(CourseNo,TeacherNo,StuContent,StudentNo) VALUES ('418000012', '3180006','average','1180062');
INSERT INTO `EvaluationInfo`(CourseNo,TeacherNo,StuContent,StudentNo) VALUES ('418000012', '3180006','perfect','1180063');
INSERT INTO `EvaluationInfo`(CourseNo,TeacherNo,TeaContent) VALUES ('418000013', '3180007','perfect');
INSERT INTO `EvaluationInfo`(CourseNo,TeacherNo,StuContent,StudentNo) VALUES ('418000013', '3180007','perfect','1180091');
INSERT INTO `EvaluationInfo`(CourseNo,TeacherNo,StuContent,StudentNo) VALUES ('418000013', '3180007','good','1180092');
INSERT INTO `EvaluationInfo`(CourseNo,TeacherNo,StuContent,StudentNo) VALUES ('418000013', '3180007','average','1180093');
INSERT INTO `EvaluationInfo`(CourseNo,TeacherNo,TeaContent) VALUES ('418000014', '3180007','perfect');
INSERT INTO `EvaluationInfo`(CourseNo,TeacherNo,StuContent,StudentNo) VALUES ('418000014', '3180007','bad','1180091');
INSERT INTO `EvaluationInfo`(CourseNo,TeacherNo,StuContent,StudentNo) VALUES ('418000014', '3180007','average','1180092');
INSERT INTO `EvaluationInfo`(CourseNo,TeacherNo,StuContent,StudentNo) VALUES ('418000014', '3180007','good','1180093');
INSERT INTO `EvaluationInfo`(CourseNo,TeacherNo,TeaContent) VALUES ('418000015', '3180008','perfect');
INSERT INTO `EvaluationInfo`(CourseNo,TeacherNo,StuContent,StudentNo) VALUES ('418000015', '3180008','bad','1180091');
INSERT INTO `EvaluationInfo`(CourseNo,TeacherNo,StuContent,StudentNo) VALUES ('418000015', '3180008','average','1180092');
INSERT INTO `EvaluationInfo`(CourseNo,TeacherNo,StuContent,StudentNo) VALUES ('418000015', '3180008','good','1180093');
INSERT INTO `EvaluationInfo`(CourseNo,TeacherNo,TeaContent) VALUES ('418000016', '3180008','perfect');
INSERT INTO `EvaluationInfo`(CourseNo,TeacherNo,StuContent,StudentNo) VALUES ('418000016', '3180008','average','1180091');
INSERT INTO `EvaluationInfo`(CourseNo,TeacherNo,StuContent,StudentNo) VALUES ('418000016', '3180008','average','1180092');
INSERT INTO `EvaluationInfo`(CourseNo,TeacherNo,StuContent,StudentNo) VALUES ('418000016', '3180008','good','1180093');
INSERT INTO `EvaluationInfo`(CourseNo,TeacherNo,TeaContent) VALUES ('418000017', '3180009','bad');
INSERT INTO `EvaluationInfo`(CourseNo,TeacherNo,StuContent,StudentNo) VALUES ('418000017', '3180009','perfect','1180121');
INSERT INTO `EvaluationInfo`(CourseNo,TeacherNo,StuContent,StudentNo) VALUES ('418000017', '3180009','average','1180122');
INSERT INTO `EvaluationInfo`(CourseNo,TeacherNo,StuContent,StudentNo) VALUES ('418000017', '3180009','good','1180123');
INSERT INTO `EvaluationInfo`(CourseNo,TeacherNo,TeaContent) VALUES ('418000018', '3180009','perfect');
INSERT INTO `EvaluationInfo`(CourseNo,TeacherNo,StuContent,StudentNo) VALUES ('418000018', '3180009','bad','1180121');
INSERT INTO `EvaluationInfo`(CourseNo,TeacherNo,StuContent,StudentNo) VALUES ('418000018', '3180009','average','1180122');
INSERT INTO `EvaluationInfo`(CourseNo,TeacherNo,StuContent,StudentNo) VALUES ('418000018', '3180009','bad','1180123');
INSERT INTO `EvaluationInfo`(CourseNo,TeacherNo,TeaContent) VALUES ('418000019', '3180010','good');
INSERT INTO `EvaluationInfo`(CourseNo,TeacherNo,StuContent,StudentNo) VALUES ('418000019', '3180010','average','1180121');
INSERT INTO `EvaluationInfo`(CourseNo,TeacherNo,StuContent,StudentNo) VALUES ('418000019', '3180010','bad','1180122');
INSERT INTO `EvaluationInfo`(CourseNo,TeacherNo,StuContent,StudentNo) VALUES ('418000019', '3180010','bad','1180123');
INSERT INTO `EvaluationInfo`(CourseNo,TeacherNo,TeaContent) VALUES ('418000020', '3180010','average');
INSERT INTO `EvaluationInfo`(CourseNo,TeacherNo,StuContent,StudentNo) VALUES ('418000020', '3180010','average','1180121');
INSERT INTO `EvaluationInfo`(CourseNo,TeacherNo,StuContent,StudentNo) VALUES ('418000020', '3180010','bad','1180122');
INSERT INTO `EvaluationInfo`(CourseNo,TeacherNo,StuContent,StudentNo) VALUES ('418000020', '3180010','perfect','1180123');
INSERT INTO `EvaluationInfo`(CourseNo,TeacherNo,TeaContent) VALUES ('418000021', '3180011','good');
INSERT INTO `EvaluationInfo`(CourseNo,TeacherNo,StuContent,StudentNo) VALUES ('418000021', '3180011','perfect','1180151');
INSERT INTO `EvaluationInfo`(CourseNo,TeacherNo,StuContent,StudentNo) VALUES ('418000021', '3180011','average','1180152');
INSERT INTO `EvaluationInfo`(CourseNo,TeacherNo,StuContent,StudentNo) VALUES ('418000021', '3180011','bad','1180153');
INSERT INTO `EvaluationInfo`(CourseNo,TeacherNo,TeaContent) VALUES ('418000022', '3180011','good');
INSERT INTO `EvaluationInfo`(CourseNo,TeacherNo,StuContent,StudentNo) VALUES ('418000022', '3180011','perfect','1180151');
INSERT INTO `EvaluationInfo`(CourseNo,TeacherNo,StuContent,StudentNo) VALUES ('418000022', '3180011','bad','1180152');
INSERT INTO `EvaluationInfo`(CourseNo,TeacherNo,StuContent,StudentNo) VALUES ('418000022', '3180011','average','1180153');
INSERT INTO `EvaluationInfo`(CourseNo,TeacherNo,TeaContent) VALUES ('418000023', '3180012','perfect');
INSERT INTO `EvaluationInfo`(CourseNo,TeacherNo,StuContent,StudentNo) VALUES ('418000023', '3180012','bad','1180151');
INSERT INTO `EvaluationInfo`(CourseNo,TeacherNo,StuContent,StudentNo) VALUES ('418000023', '3180012','good','1180152');
INSERT INTO `EvaluationInfo`(CourseNo,TeacherNo,StuContent,StudentNo) VALUES ('418000023', '3180012','perfect','1180153');
INSERT INTO `EvaluationInfo`(CourseNo,TeacherNo,TeaContent) VALUES ('418000024', '3180012','average');
INSERT INTO `EvaluationInfo`(CourseNo,TeacherNo,StuContent,StudentNo) VALUES ('418000024', '3180012','average','1180151');
INSERT INTO `EvaluationInfo`(CourseNo,TeacherNo,StuContent,StudentNo) VALUES ('418000024', '3180012','bad','1180152');
INSERT INTO `EvaluationInfo`(CourseNo,TeacherNo,StuContent,StudentNo) VALUES ('418000024', '3180012','average','1180153');
INSERT INTO `EvaluationInfo`(CourseNo,TeacherNo,TeaContent) VALUES ('418000025', '3180013','bad');
INSERT INTO `EvaluationInfo`(CourseNo,TeacherNo,StuContent,StudentNo) VALUES ('418000025', '3180013','perfect','1180181');
INSERT INTO `EvaluationInfo`(CourseNo,TeacherNo,StuContent,StudentNo) VALUES ('418000025', '3180013','good','1180182');
INSERT INTO `EvaluationInfo`(CourseNo,TeacherNo,StuContent,StudentNo) VALUES ('418000025', '3180013','average','1180183');
INSERT INTO `EvaluationInfo`(CourseNo,TeacherNo,TeaContent) VALUES ('418000026', '3180013','bad');
INSERT INTO `EvaluationInfo`(CourseNo,TeacherNo,StuContent,StudentNo) VALUES ('418000026', '3180013','average','1180181');
INSERT INTO `EvaluationInfo`(CourseNo,TeacherNo,StuContent,StudentNo) VALUES ('418000026', '3180013','bad','1180182');
INSERT INTO `EvaluationInfo`(CourseNo,TeacherNo,StuContent,StudentNo) VALUES ('418000026', '3180013','average','1180183');
INSERT INTO `EvaluationInfo`(CourseNo,TeacherNo,TeaContent) VALUES ('418000027', '3180014','good');
INSERT INTO `EvaluationInfo`(CourseNo,TeacherNo,StuContent,StudentNo) VALUES ('418000027', '3180014','bad','1180181');
INSERT INTO `EvaluationInfo`(CourseNo,TeacherNo,StuContent,StudentNo) VALUES ('418000027', '3180014','average','1180182');
INSERT INTO `EvaluationInfo`(CourseNo,TeacherNo,StuContent,StudentNo) VALUES ('418000027', '3180014','bad','1180183');
INSERT INTO `EvaluationInfo`(CourseNo,TeacherNo,TeaContent) VALUES ('418000028', '3180014','average');
INSERT INTO `EvaluationInfo`(CourseNo,TeacherNo,StuContent,StudentNo) VALUES ('418000028', '3180014','good','1180181');
INSERT INTO `EvaluationInfo`(CourseNo,TeacherNo,StuContent,StudentNo) VALUES ('418000028', '3180014','perfect','1180182');
INSERT INTO `EvaluationInfo`(CourseNo,TeacherNo,StuContent,StudentNo) VALUES ('418000028', '3180014','perfect','1180183');
INSERT INTO `EvaluationInfo`(CourseNo,TeacherNo,TeaContent) VALUES ('418000029', '3180015','average');
INSERT INTO `EvaluationInfo`(CourseNo,TeacherNo,StuContent,StudentNo) VALUES ('418000029', '3180015','perfect','1180211');
INSERT INTO `EvaluationInfo`(CourseNo,TeacherNo,StuContent,StudentNo) VALUES ('418000029', '3180015','good','1180212');
INSERT INTO `EvaluationInfo`(CourseNo,TeacherNo,StuContent,StudentNo) VALUES ('418000029', '3180015','perfect','1180213');
INSERT INTO `EvaluationInfo`(CourseNo,TeacherNo,TeaContent) VALUES ('418000030', '3180015','perfect');
INSERT INTO `EvaluationInfo`(CourseNo,TeacherNo,StuContent,StudentNo) VALUES ('418000030', '3180015','bad','1180211');
INSERT INTO `EvaluationInfo`(CourseNo,TeacherNo,StuContent,StudentNo) VALUES ('418000030', '3180015','perfect','1180212');
INSERT INTO `EvaluationInfo`(CourseNo,TeacherNo,StuContent,StudentNo) VALUES ('418000030', '3180015','perfect','1180213');
INSERT INTO `EvaluationInfo`(CourseNo,TeacherNo,TeaContent) VALUES ('418000031', '3180016','bad');
INSERT INTO `EvaluationInfo`(CourseNo,TeacherNo,StuContent,StudentNo) VALUES ('418000031', '3180016','average','1180211');
INSERT INTO `EvaluationInfo`(CourseNo,TeacherNo,StuContent,StudentNo) VALUES ('418000031', '3180016','bad','1180212');
INSERT INTO `EvaluationInfo`(CourseNo,TeacherNo,StuContent,StudentNo) VALUES ('418000031', '3180016','good','1180213');
INSERT INTO `EvaluationInfo`(CourseNo,TeacherNo,TeaContent) VALUES ('418000032', '3180016','bad');
INSERT INTO `EvaluationInfo`(CourseNo,TeacherNo,StuContent,StudentNo) VALUES ('418000032', '3180016','bad','1180211');
INSERT INTO `EvaluationInfo`(CourseNo,TeacherNo,StuContent,StudentNo) VALUES ('418000032', '3180016','good','1180212');
INSERT INTO `EvaluationInfo`(CourseNo,TeacherNo,StuContent,StudentNo) VALUES ('418000032', '3180016','perfect','1180213');

